행정동명,통합카테고리,기준_년분기_코드,성장확률,등급,업종내_순위,업종내_전체동수,상위_퍼센트
기배동,가구 소매,20254,93.2,C,21,24,87.5
기배동,가전·통신 소매,20254,89.7,D,17,29,58.6
기배동,가전제품 수리,20254,94.5,C,25,27,92.6
기배동,가정용품 대여,20254,95.7,B,15,26,57.7
기배동,고용 알선,20254,90.4,D,11,26,42.3
기배동,광고,20254,96.4,B,19,28,67.9
기배동,교육 지원,20254,95.7,B,16,28,57.1
기배동,구내식당·뷔페,20254,84.6,D,18,27,66.7
기배동,기술 서비스,20254,96.9,A,23,28,82.1
기배동,기타 간이,20254,89.4,D,16,29,55.2
기배동,기타 개인,20254,94.0,C,10,11,90.9
기배동,기타 교육,20254,93.7,C,19,29,65.5
기배동,기타 보건,20254,95.7,B,9,19,47.4
기배동,기타 사업 서비스,20254,95.7,B,19,26,73.1
기배동,기타 상품 소매,20254,95.7,B,19,29,65.5
기배동,기타 생활용품 소매,20254,95.9,B,27,28,96.4
기배동,도서관·사적지,20254,95.7,B,11,23,47.8
기배동,본사·경영 컨설팅,20254,95.0,C,22,29,75.9
기배동,부동산 서비스,20254,92.5,D,25,29,86.2
기배동,비알코올 ,20254,90.9,D,9,29,31.0
기배동,사진 촬영,20254,95.7,B,16,27,59.3
기배동,산업용품 대여,20254,96.6,B,24,25,96.0
기배동,서양식,20254,89.1,D,17,29,58.6
기배동,섬유·의복·신발 소매,20254,91.6,D,19,29,65.5
기배동,세탁,20254,93.4,C,23,28,82.1
기배동,스포츠 서비스,20254,89.7,D,20,29,69.0
기배동,시설관리,20254,95.7,B,17,26,65.4
기배동,식료품 소매,20254,90.0,D,16,29,55.2
기배동,식물 소매,20254,94.5,C,16,28,57.1
기배동,안경·정밀기기 소매,20254,94.4,C,21,25,84.0
기배동,애완동물·용품 소매,20254,93.8,C,27,29,93.1
기배동,여행사·보조,20254,95.7,B,14,21,66.7
기배동,연료 소매,20254,92.7,C,23,24,95.8
기배동,오락용품 소매,20254,94.2,C,26,29,89.7
기배동,욕탕·신체관리,20254,86.9,D,11,26,42.3
기배동,운송장비 대여,20254,95.7,B,16,23,69.6
기배동,유원지·오락,20254,90.0,D,12,29,41.4
기배동,음료 소매,20254,95.7,B,11,18,61.1
기배동,의약·화장품 소매,20254,91.4,D,21,29,72.4
기배동,의원,20254,97.0,A,24,26,92.3
기배동,이용·미용,20254,95.8,B,13,29,44.8
기배동,인쇄·제품제작,20254,94.5,C,27,27,100.0
기배동,일반 교육,20254,96.3,B,13,28,46.4
기배동,자동차 부품 소매,20254,95.9,B,24,24,100.0
기배동,자동차 수리·세차,20254,95.3,C,25,28,89.3
기배동,전문 디자인,20254,93.6,C,25,29,86.2
기배동,종합 소매,20254,89.5,D,19,29,65.5
기배동,주점,20254,89.2,D,10,28,35.7
기배동,중고 상품 소매,20254,95.7,B,17,23,73.9
기배동,중식,20254,90.4,D,13,29,44.8
기배동,철물·건설자재 소매,20254,96.5,B,27,28,96.4
기배동,청소·방제,20254,91.9,D,19,28,67.9
기배동,컴퓨터 수리,20254,95.7,B,12,22,54.5
기배동,한식,20254,88.5,D,24,29,82.8
남양읍,가구 소매,20254,94.8,C,14,24,58.3
남양읍,가전·통신 소매,20254,91.4,D,14,29,48.3
남양읍,가전제품 수리,20254,95.8,B,17,27,63.0
남양읍,가정용품 대여,20254,96.3,B,13,26,50.0
남양읍,고용 알선,20254,87.4,D,23,26,88.5
남양읍,광고,20254,96.4,B,19,28,67.9
남양읍,교육 지원,20254,96.3,B,12,28,42.9
남양읍,구내식당·뷔페,20254,85.4,D,13,27,48.1
남양읍,기술 서비스,20254,98.0,A,12,28,42.9
남양읍,기타 가정용품 수리,20254,96.0,B,14,28,50.0
남양읍,기타 간이,20254,90.8,D,10,29,34.5
남양읍,기타 교육,20254,95.4,C,13,29,44.8
남양읍,기타 보건,20254,96.2,B,8,19,42.1
남양읍,기타 사업 서비스,20254,96.2,B,17,26,65.4
남양읍,기타 상품 소매,20254,95.8,B,17,29,58.6
남양읍,기타 생활용품 소매,20254,97.1,A,15,28,53.6
남양읍,기타 숙박,20254,96.0,B,7,12,58.3
남양읍,기타 전문 과학,20254,96.2,B,10,19,52.6
남양읍,담배 소매,20254,95.9,B,10,17,58.8
남양읍,도서관·사적지,20254,96.2,B,7,23,30.4
남양읍,동남아시아,20254,92.5,D,10,22,45.5
남양읍,모터사이클 소매,20254,96.0,B,10,14,71.4
남양읍,모터사이클 수리,20254,96.4,B,9,17,52.9
남양읍,법무관련 ,20254,96.4,B,9,21,42.9
남양읍,병원,20254,96.1,B,13,22,59.1
남양읍,본사·경영 컨설팅,20254,94.7,C,24,29,82.8
남양읍,부동산 서비스,20254,94.2,C,14,29,48.3
남양읍,비알코올 ,20254,90.2,D,13,29,44.8
남양읍,사무 지원,20254,96.1,B,11,17,64.7
남양읍,사진 촬영,20254,96.0,B,14,27,51.9
남양읍,산업용품 대여,20254,97.1,A,16,25,64.0
남양읍,서양식,20254,91.8,D,3,29,10.3
남양읍,섬유·의복·신발 소매,20254,92.3,D,16,29,55.2
남양읍,세탁,20254,96.0,B,6,28,21.4
남양읍,수의,20254,95.9,B,10,19,52.6
남양읍,스포츠 서비스,20254,89.3,D,22,29,75.9
남양읍,시계·귀금속 소매,20254,96.4,B,6,19,31.6
남양읍,시설관리,20254,96.3,B,12,26,46.2
남양읍,식료품 소매,20254,89.7,D,18,29,62.1
남양읍,식물 소매,20254,95.2,C,13,28,46.4
남양읍,안경·정밀기기 소매,20254,96.5,B,6,25,24.0
남양읍,애완동물·용품 소매,20254,96.3,B,11,29,37.9
남양읍,여행사·보조,20254,95.8,B,13,21,61.9
남양읍,연료 소매,20254,91.6,D,24,24,100.0
남양읍,오락용품 소매,20254,95.8,B,15,29,51.7
남양읍,욕탕·신체관리,20254,87.8,D,4,26,15.4
남양읍,운송장비 대여,20254,96.1,B,14,23,60.9
남양읍,유원지·오락,20254,88.1,D,20,29,69.0
남양읍,음료 소매,20254,95.9,B,10,18,55.6
남양읍,의약·화장품 소매,20254,94.1,C,12,29,41.4
남양읍,의원,20254,98.0,A,18,26,69.2
남양읍,이용·미용,20254,95.4,C,17,29,58.6
남양읍,인쇄·제품제작,20254,97.0,A,9,27,33.3
남양읍,일반 교육,20254,96.6,B,11,28,39.3
남양읍,일반 숙박,20254,95.6,B,13,22,59.1
남양읍,일식,20254,93.0,C,3,26,11.5
남양읍,자동차 부품 소매,20254,97.0,A,20,24,83.3
남양읍,자동차 수리·세차,20254,96.0,B,20,28,71.4
남양읍,장례식장 ,20254,96.2,B,9,17,52.9
남양읍,장식품 소매,20254,97.4,A,4,24,16.7
남양읍,전문 디자인,20254,95.7,B,9,29,31.0
남양읍,조경·유지,20254,97.4,A,3,18,16.7
남양읍,종합 소매,20254,91.2,D,15,29,51.7
남양읍,주점,20254,88.0,D,18,28,64.3
남양읍,중고 상품 소매,20254,96.1,B,14,23,60.9
남양읍,중식,20254,90.2,D,14,29,48.3
남양읍,철물·건설자재 소매,20254,98.0,A,15,28,53.6
남양읍,청소·방제,20254,94.6,C,12,28,42.9
남양읍,컴퓨터 수리,20254,95.7,B,12,22,54.5
남양읍,통신장비 수리,20254,96.1,B,8,14,57.1
남양읍,한식,20254,90.4,D,15,29,51.7
남양읍,회계·세무,20254,97.5,A,12,24,50.0
동탄1동,가구 소매,20254,94.0,C,18,24,75.0
동탄1동,가전·통신 소매,20254,87.1,D,23,29,79.3
동탄1동,가전제품 수리,20254,96.0,B,16,27,59.3
동탄1동,가정용품 대여,20254,95.4,C,17,26,65.4
동탄1동,고용 알선,20254,89.0,D,20,26,76.9
동탄1동,광고,20254,94.9,C,27,28,96.4
동탄1동,교육 지원,20254,93.2,C,28,28,100.0
동탄1동,구내식당·뷔페,20254,84.7,D,16,27,59.3
동탄1동,기술 서비스,20254,97.3,A,21,28,75.0
동탄1동,기타 가정용품 수리,20254,96.0,B,14,28,50.0
동탄1동,기타 간이,20254,86.3,D,24,29,82.8
동탄1동,기타 개인,20254,95.9,B,6,11,54.5
동탄1동,기타 교육,20254,94.1,C,18,29,62.1
동탄1동,기타 보건,20254,95.3,C,10,19,52.6
동탄1동,기타 사업 서비스,20254,95.3,C,21,26,80.8
동탄1동,기타 상품 소매,20254,95.3,C,20,29,69.0
동탄1동,기타 생활용품 소매,20254,97.3,A,8,28,28.6
동탄1동,기타 숙박,20254,95.3,C,11,12,91.7
동탄1동,기타 전문 과학,20254,95.5,B,13,19,68.4
동탄1동,담배 소매,20254,96.0,B,9,17,52.9
동탄1동,도서관·사적지,20254,95.2,C,15,23,65.2
동탄1동,동남아시아,20254,89.5,D,17,22,77.3
동탄1동,모터사이클 소매,20254,96.0,B,10,14,71.4
동탄1동,모터사이클 수리,20254,95.4,C,14,17,82.4
동탄1동,법무관련 ,20254,95.9,B,14,21,66.7
동탄1동,병원,20254,95.5,B,16,22,72.7
동탄1동,본사·경영 컨설팅,20254,94.1,C,26,29,89.7
동탄1동,부동산 서비스,20254,93.3,C,22,29,75.9
동탄1동,비알코올 ,20254,86.7,D,24,29,82.8
동탄1동,사무 지원,20254,95.9,B,12,17,70.6
동탄1동,사진 촬영,20254,95.0,C,19,27,70.4
동탄1동,산업용품 대여,20254,97.2,A,14,25,56.0
동탄1동,서양식,20254,85.5,D,22,29,75.9
동탄1동,섬유·의복·신발 소매,20254,89.8,D,25,29,86.2
동탄1동,세탁,20254,95.1,C,15,28,53.6
동탄1동,수의,20254,95.9,B,10,19,52.6
동탄1동,스포츠 서비스,20254,88.3,D,23,29,79.3
동탄1동,시계·귀금속 소매,20254,95.2,C,14,19,73.7
동탄1동,시설관리,20254,95.3,C,19,26,73.1
동탄1동,시장 조사,20254,95.4,C,3,4,75.0
동탄1동,식료품 소매,20254,86.7,D,23,29,79.3
동탄1동,식물 소매,20254,94.3,C,18,28,64.3
동탄1동,안경·정밀기기 소매,20254,95.3,C,14,25,56.0
동탄1동,애완동물·용품 소매,20254,95.9,B,15,29,51.7
동탄1동,여행사·보조,20254,95.4,C,16,21,76.2
동탄1동,연료 소매,20254,93.1,C,22,24,91.7
동탄1동,오락용품 소매,20254,93.9,C,27,29,93.1
동탄1동,욕탕·신체관리,20254,82.2,D,20,26,76.9
동탄1동,운송장비 대여,20254,95.4,C,17,23,73.9
동탄1동,유원지·오락,20254,85.4,D,23,29,79.3
동탄1동,음료 소매,20254,95.7,B,11,18,61.1
동탄1동,의약·화장품 소매,20254,92.0,D,20,29,69.0
동탄1동,의원,20254,97.5,A,22,26,84.6
동탄1동,이용·미용,20254,94.8,C,21,29,72.4
동탄1동,인쇄·제품제작,20254,96.2,B,19,27,70.4
동탄1동,일반 교육,20254,94.8,C,20,28,71.4
동탄1동,일반 숙박,20254,92.6,C,22,22,100.0
동탄1동,일식,20254,87.0,D,21,26,80.8
동탄1동,자동차 부품 소매,20254,97.3,A,13,24,54.2
동탄1동,자동차 수리·세차,20254,94.8,C,26,28,92.9
동탄1동,장례식장 ,20254,96.0,B,12,17,70.6
동탄1동,장식품 소매,20254,96.0,B,16,24,66.7
동탄1동,전문 디자인,20254,93.2,C,26,29,89.7
동탄1동,조경·유지,20254,95.4,C,13,18,72.2
동탄1동,종합 소매,20254,88.4,D,23,29,79.3
동탄1동,주점,20254,85.0,D,22,28,78.6
동탄1동,중고 상품 소매,20254,95.9,B,16,23,69.6
동탄1동,중식,20254,85.8,D,23,29,79.3
동탄1동,철물·건설자재 소매,20254,97.9,A,18,28,64.3
동탄1동,청소·방제,20254,91.3,D,22,28,78.6
동탄1동,컴퓨터 수리,20254,95.3,C,15,22,68.2
동탄1동,통신장비 수리,20254,95.3,C,9,14,64.3
동탄1동,한식,20254,88.3,D,25,29,86.2
동탄1동,회계·세무,20254,97.3,A,15,24,62.5
동탄2동,가구 소매,20254,94.2,C,16,24,66.7
동탄2동,가전·통신 소매,20254,88.3,D,21,29,72.4
동탄2동,가전제품 수리,20254,95.1,C,21,27,77.8
동탄2동,가정용품 대여,20254,95.1,C,18,26,69.2
동탄2동,고용 알선,20254,90.3,D,13,26,50.0
동탄2동,광고,20254,96.6,B,14,28,50.0
동탄2동,교육 지원,20254,95.3,C,18,28,64.3
동탄2동,구내식당·뷔페,20254,85.8,D,12,27,44.4
동탄2동,기술 서비스,20254,98.6,A,4,28,14.3
동탄2동,기타 가정용품 수리,20254,94.8,C,21,28,75.0
동탄2동,기타 간이,20254,86.8,D,21,29,72.4
동탄2동,기타 개인,20254,95.3,C,8,11,72.7
동탄2동,기타 교육,20254,93.1,C,25,29,86.2
동탄2동,기타 보건,20254,95.0,C,13,19,68.4
동탄2동,기타 사업 서비스,20254,95.5,B,20,26,76.9
동탄2동,기타 상품 소매,20254,94.9,C,23,29,79.3
동탄2동,기타 생활용품 소매,20254,97.2,A,12,28,42.9
동탄2동,기타 숙박,20254,94.8,C,12,12,100.0
동탄2동,기타 전문 과학,20254,96.9,A,5,19,26.3
동탄2동,도서관·사적지,20254,95.5,B,12,23,52.2
동탄2동,동남아시아,20254,90.4,D,15,22,68.2
동탄2동,병원,20254,95.5,B,16,22,72.7
동탄2동,본사·경영 컨설팅,20254,95.4,C,19,29,65.5
동탄2동,부동산 서비스,20254,94.6,C,10,29,34.5
동탄2동,비알코올 ,20254,89.5,D,18,29,62.1
동탄2동,사무 지원,20254,95.5,B,13,17,76.5
동탄2동,사진 촬영,20254,95.0,C,19,27,70.4
동탄2동,산업용품 대여,20254,97.7,A,10,25,40.0
동탄2동,서양식,20254,87.6,D,19,29,65.5
동탄2동,섬유·의복·신발 소매,20254,92.1,D,18,29,62.1
동탄2동,세탁,20254,95.0,C,16,28,57.1
동탄2동,수의,20254,95.2,C,14,19,73.7
동탄2동,스포츠 서비스,20254,90.6,D,16,29,55.2
동탄2동,시계·귀금속 소매,20254,94.9,C,16,19,84.2
동탄2동,시설관리,20254,95.3,C,19,26,73.1
동탄2동,식료품 소매,20254,88.0,D,22,29,75.9
동탄2동,식물 소매,20254,94.0,C,20,28,71.4
동탄2동,안경·정밀기기 소매,20254,95.2,C,17,25,68.0
동탄2동,애완동물·용품 소매,20254,95.5,B,18,29,62.1
동탄2동,연료 소매,20254,95.6,B,9,24,37.5
동탄2동,오락용품 소매,20254,95.7,B,17,29,58.6
동탄2동,욕탕·신체관리,20254,85.1,D,17,26,65.4
동탄2동,유원지·오락,20254,88.4,D,17,29,58.6
동탄2동,음료 소매,20254,95.5,B,13,18,72.2
동탄2동,의약·화장품 소매,20254,92.4,D,18,29,62.1
동탄2동,의원,20254,98.5,A,5,26,19.2
동탄2동,이용·미용,20254,95.4,C,17,29,58.6
동탄2동,인쇄·제품제작,20254,98.1,A,2,27,7.4
동탄2동,일반 교육,20254,95.0,C,19,28,67.9
동탄2동,일식,20254,89.4,D,19,26,73.1
동탄2동,자동차 부품 소매,20254,98.4,A,2,24,8.3
동탄2동,자동차 수리·세차,20254,96.7,A,11,28,39.3
동탄2동,전문 디자인,20254,95.4,C,11,29,37.9
동탄2동,조경·유지,20254,96.9,A,5,18,27.8
동탄2동,종합 소매,20254,89.5,D,19,29,65.5
동탄2동,주점,20254,88.0,D,18,28,64.3
동탄2동,중식,20254,87.6,D,20,29,69.0
동탄2동,철물·건설자재 소매,20254,99.2,A,1,28,3.6
동탄2동,청소·방제,20254,92.6,C,17,28,60.7
동탄2동,통신장비 수리,20254,94.7,C,13,14,92.9
동탄2동,한식,20254,89.5,D,22,29,75.9
동탄2동,회계·세무,20254,97.9,A,5,24,20.8
동탄3동,가구 소매,20254,94.0,C,18,24,75.0
동탄3동,가전·통신 소매,20254,91.2,D,15,29,51.7
동탄3동,가전제품 수리,20254,95.1,C,21,27,77.8
동탄3동,가정용품 대여,20254,94.5,C,22,26,84.6
동탄3동,고용 알선,20254,88.4,D,22,26,84.6
동탄3동,광고,20254,96.2,B,24,28,85.7
동탄3동,교육 지원,20254,95.1,C,20,28,71.4
동탄3동,구내식당·뷔페,20254,86.0,D,10,27,37.0
동탄3동,기술 서비스,20254,98.2,A,11,28,39.3
동탄3동,기타 가정용품 수리,20254,94.6,C,23,28,82.1
동탄3동,기타 간이,20254,88.9,D,18,29,62.1
동탄3동,기타 교육,20254,93.6,C,22,29,75.9
동탄3동,기타 보건,20254,94.0,C,17,19,89.5
동탄3동,기타 사업 서비스,20254,94.6,C,24,26,92.3
동탄3동,기타 상품 소매,20254,95.1,C,22,29,75.9
동탄3동,기타 생활용품 소매,20254,96.8,A,26,28,92.9
동탄3동,기타 전문 과학,20254,94.9,C,16,19,84.2
동탄3동,담배 소매,20254,94.3,C,14,17,82.4
동탄3동,도서관·사적지,20254,94.0,C,21,23,91.3
동탄3동,동남아시아,20254,90.3,D,16,22,72.7
동탄3동,모터사이클 소매,20254,96.5,B,6,14,42.9
동탄3동,모터사이클 수리,20254,94.0,C,17,17,100.0
동탄3동,법무관련 ,20254,94.0,C,20,21,95.2
동탄3동,병원,20254,95.0,C,19,22,86.4
동탄3동,본사·경영 컨설팅,20254,94.9,C,23,29,79.3
동탄3동,부동산 서비스,20254,93.7,C,19,29,65.5
동탄3동,비알코올 ,20254,91.5,D,6,29,20.7
동탄3동,사진 촬영,20254,94.5,C,21,27,77.8
동탄3동,산업용품 대여,20254,96.9,A,18,25,72.0
동탄3동,서양식,20254,89.9,D,14,29,48.3
동탄3동,섬유·의복·신발 소매,20254,91.1,D,21,29,72.4
동탄3동,세탁,20254,94.0,C,20,28,71.4
동탄3동,수의,20254,94.7,C,15,19,78.9
동탄3동,스포츠 서비스,20254,89.7,D,20,29,69.0
동탄3동,시설관리,20254,94.5,C,24,26,92.3
동탄3동,식료품 소매,20254,91.1,D,14,29,48.3
동탄3동,식물 소매,20254,94.0,C,20,28,71.4
동탄3동,안경·정밀기기 소매,20254,94.9,C,18,25,72.0
동탄3동,애완동물·용품 소매,20254,94.3,C,25,29,86.2
동탄3동,여행사·보조,20254,96.5,B,7,21,33.3
동탄3동,연료 소매,20254,93.5,C,19,24,79.2
동탄3동,오락용품 소매,20254,95.3,C,22,29,75.9
동탄3동,욕탕·신체관리,20254,85.1,D,17,26,65.4
동탄3동,운송장비 대여,20254,94.6,C,22,23,95.7
동탄3동,유원지·오락,20254,90.7,D,6,29,20.7
동탄3동,음료 소매,20254,94.5,C,16,18,88.9
동탄3동,의약·화장품 소매,20254,93.1,C,16,29,55.2
동탄3동,의원,20254,98.5,A,5,26,19.2
동탄3동,이용·미용,20254,95.8,B,13,29,44.8
동탄3동,인쇄·제품제작,20254,98.0,A,3,27,11.1
동탄3동,일반 교육,20254,95.6,B,17,28,60.7
동탄3동,일반 숙박,20254,94.1,C,21,22,95.5
동탄3동,일식,20254,90.7,D,11,26,42.3
동탄3동,자동차 부품 소매,20254,97.2,A,16,24,66.7
동탄3동,자동차 수리·세차,20254,95.9,B,22,28,78.6
동탄3동,전문 디자인,20254,94.5,C,19,29,65.5
동탄3동,조경·유지,20254,94.6,C,15,18,83.3
동탄3동,종합 소매,20254,91.1,D,16,29,55.2
동탄3동,주점,20254,88.9,D,12,28,42.9
동탄3동,중고 상품 소매,20254,94.5,C,21,23,91.3
동탄3동,중식,20254,89.1,D,19,29,65.5
동탄3동,철물·건설자재 소매,20254,98.1,A,11,28,39.3
동탄3동,청소·방제,20254,91.5,D,21,28,75.0
동탄3동,컴퓨터 수리,20254,94.9,C,18,22,81.8
동탄3동,한식,20254,90.0,D,17,29,58.6
동탄3동,회계·세무,20254,97.2,A,17,24,70.8
동탄4동,가구 소매,20254,92.3,D,23,24,95.8
동탄4동,가전·통신 소매,20254,81.8,D,27,29,93.1
동탄4동,가정용품 대여,20254,94.3,C,23,26,88.5
동탄4동,고용 알선,20254,82.4,D,25,26,96.2
동탄4동,광고,20254,96.1,B,25,28,89.3
동탄4동,교육 지원,20254,94.3,C,24,28,85.7
동탄4동,구내식당·뷔페,20254,80.1,D,27,27,100.0
동탄4동,기타 가정용품 수리,20254,94.2,C,26,28,92.9
동탄4동,기타 간이,20254,89.8,D,14,29,48.3
동탄4동,기타 교육,20254,93.5,C,23,29,79.3
동탄4동,기타 상품 소매,20254,94.2,C,26,29,89.7
동탄4동,기타 전문 과학,20254,94.3,C,18,19,94.7
동탄4동,담배 소매,20254,94.3,C,14,17,82.4
동탄4동,도서관·사적지,20254,94.2,C,20,23,87.0
동탄4동,동남아시아,20254,83.1,D,19,22,86.4
동탄4동,법무관련 ,20254,94.3,C,18,21,85.7
동탄4동,본사·경영 컨설팅,20254,96.0,B,10,29,34.5
동탄4동,부동산 서비스,20254,91.3,D,27,29,93.1
동탄4동,비알코올 ,20254,88.4,D,20,29,69.0
동탄4동,사무 지원,20254,94.3,C,16,17,94.1
동탄4동,사진 촬영,20254,94.3,C,23,27,85.2
동탄4동,서양식,20254,81.5,D,26,29,89.7
동탄4동,섬유·의복·신발 소매,20254,89.3,D,27,29,93.1
동탄4동,세탁,20254,93.2,C,24,28,85.7
동탄4동,수의,20254,94.2,C,17,19,89.5
동탄4동,스포츠 서비스,20254,84.8,D,26,29,89.7
동탄4동,시계·귀금속 소매,20254,94.3,C,17,19,89.5
동탄4동,식료품 소매,20254,80.6,D,28,29,96.6
동탄4동,식물 소매,20254,92.7,C,25,28,89.3
동탄4동,안경·정밀기기 소매,20254,94.3,C,22,25,88.0
동탄4동,애완동물·용품 소매,20254,94.3,C,25,29,86.2
동탄4동,오락용품 소매,20254,94.9,C,23,29,79.3
동탄4동,욕탕·신체관리,20254,81.0,D,22,26,84.6
동탄4동,유원지·오락,20254,81.0,D,25,29,86.2
동탄4동,의약·화장품 소매,20254,86.8,D,26,29,89.7
동탄4동,의원,20254,98.2,A,13,26,50.0
동탄4동,이용·미용,20254,94.4,C,23,29,79.3
동탄4동,인쇄·제품제작,20254,95.7,B,26,27,96.3
동탄4동,일반 교육,20254,90.6,D,27,28,96.4
동탄4동,일식,20254,82.2,D,22,26,84.6
동탄4동,장식품 소매,20254,94.3,C,22,24,91.7
동탄4동,전문 디자인,20254,94.1,C,22,29,75.9
동탄4동,종합 소매,20254,81.0,D,29,29,100.0
동탄4동,주점,20254,80.8,D,26,28,92.9
동탄4동,중고 상품 소매,20254,94.2,C,22,23,95.7
동탄4동,중식,20254,81.4,D,26,29,89.7
동탄4동,철물·건설자재 소매,20254,97.3,A,26,28,92.9
동탄4동,컴퓨터 수리,20254,94.3,C,20,22,90.9
동탄4동,한식,20254,89.8,D,19,29,65.5
동탄4동,회계·세무,20254,96.5,B,23,24,95.8
동탄5동,가구 소매,20254,93.4,C,20,24,83.3
동탄5동,가전·통신 소매,20254,90.0,D,16,29,55.2
동탄5동,가전제품 수리,20254,94.6,C,24,27,88.9
동탄5동,가정용품 대여,20254,94.7,C,21,26,80.8
동탄5동,고용 알선,20254,91.8,D,2,26,7.7
동탄5동,광고,20254,95.0,C,26,28,92.9
동탄5동,교육 지원,20254,94.0,C,25,28,89.3
동탄5동,구내식당·뷔페,20254,86.7,D,6,27,22.2
동탄5동,기술 서비스,20254,96.9,A,23,28,82.1
동탄5동,기타 가정용품 수리,20254,94.6,C,23,28,82.1
동탄5동,기타 간이,20254,86.3,D,24,29,82.8
동탄5동,기타 개인,20254,95.0,C,9,11,81.8
동탄5동,기타 교육,20254,93.7,C,19,29,65.5
동탄5동,기타 보건,20254,95.2,C,12,19,63.2
동탄5동,기타 사업 서비스,20254,94.0,C,25,26,96.2
동탄5동,기타 상품 소매,20254,94.7,C,24,29,82.8
동탄5동,기타 생활용품 소매,20254,97.5,A,5,28,17.9
동탄5동,기타 전문 과학,20254,95.1,C,15,19,78.9
동탄5동,담배 소매,20254,94.9,C,13,17,76.5
동탄5동,도서관·사적지,20254,95.2,C,15,23,65.2
동탄5동,동남아시아,20254,91.2,D,12,22,54.5
동탄5동,모터사이클 소매,20254,95.5,B,14,14,100.0
동탄5동,모터사이클 수리,20254,94.6,C,16,17,94.1
동탄5동,법무관련 ,20254,94.7,C,17,21,81.0
동탄5동,병원,20254,95.5,B,16,22,72.7
동탄5동,본사·경영 컨설팅,20254,93.7,C,27,29,93.1
동탄5동,부동산 서비스,20254,93.6,C,21,29,72.4
동탄5동,비알코올 ,20254,86.0,D,27,29,93.1
동탄5동,사무 지원,20254,94.7,C,15,17,88.2
동탄5동,사진 촬영,20254,94.1,C,24,27,88.9
동탄5동,산업용품 대여,20254,97.6,A,12,25,48.0
동탄5동,서양식,20254,86.7,D,21,29,72.4
동탄5동,섬유·의복·신발 소매,20254,90.8,D,22,29,75.9
동탄5동,세탁,20254,93.6,C,21,28,75.0
동탄5동,수의,20254,95.5,B,13,19,68.4
동탄5동,스포츠 서비스,20254,92.0,D,14,29,48.3
동탄5동,시계·귀금속 소매,20254,95.1,C,15,19,78.9
동탄5동,시설관리,20254,94.6,C,23,26,88.5
동탄5동,시장 조사,20254,95.2,C,4,4,100.0
동탄5동,식료품 소매,20254,89.8,D,17,29,58.6
동탄5동,식물 소매,20254,93.4,C,22,28,78.6
동탄5동,안경·정밀기기 소매,20254,94.9,C,18,25,72.0
동탄5동,애완동물·용품 소매,20254,95.1,C,20,29,69.0
동탄5동,여행사·보조,20254,94.7,C,21,21,100.0
동탄5동,연료 소매,20254,93.5,C,19,24,79.2
동탄5동,오락용품 소매,20254,96.1,B,9,29,31.0
동탄5동,욕탕·신체관리,20254,88.2,D,2,26,7.7
동탄5동,운송장비 대여,20254,94.9,C,20,23,87.0
동탄5동,유원지·오락,20254,88.2,D,18,29,62.1
동탄5동,음료 소매,20254,94.9,C,15,18,83.3
동탄5동,의약·화장품 소매,20254,90.5,D,23,29,79.3
동탄5동,의원,20254,98.1,A,16,26,61.5
동탄5동,이용·미용,20254,94.8,C,21,29,72.4
동탄5동,인쇄·제품제작,20254,96.0,B,24,27,88.9
동탄5동,일반 교육,20254,96.2,B,14,28,50.0
동탄5동,일반 숙박,20254,96.3,B,10,22,45.5
동탄5동,일식,20254,90.4,D,15,26,57.7
동탄5동,자동차 부품 소매,20254,97.5,A,10,24,41.7
동탄5동,자동차 수리·세차,20254,96.3,B,17,28,60.7
동탄5동,장식품 소매,20254,95.1,C,19,24,79.2
동탄5동,전문 디자인,20254,94.3,C,21,29,72.4
동탄5동,조경·유지,20254,94.5,C,17,18,94.4
동탄5동,종합 소매,20254,88.3,D,24,29,82.8
동탄5동,주점,20254,87.4,D,21,28,75.0
동탄5동,중고 상품 소매,20254,94.7,C,20,23,87.0
동탄5동,중식,20254,86.3,D,22,29,75.9
동탄5동,철물·건설자재 소매,20254,98.6,A,3,28,10.7
동탄5동,청소·방제,20254,91.8,D,20,28,71.4
동탄5동,컴퓨터 수리,20254,95.0,C,17,22,77.3
동탄5동,통신장비 수리,20254,94.7,C,13,14,92.9
동탄5동,한식,20254,89.8,D,19,29,65.5
동탄5동,회계·세무,20254,97.2,A,17,24,70.8
동탄6동,가구 소매,20254,93.0,C,22,24,91.7
동탄6동,가전·통신 소매,20254,88.6,D,20,29,69.0
동탄6동,가전제품 수리,20254,94.9,C,23,27,85.2
동탄6동,가정용품 대여,20254,94.9,C,20,26,76.9
동탄6동,고용 알선,20254,91.5,D,6,26,23.1
동탄6동,광고,20254,94.3,C,28,28,100.0
동탄6동,교육 지원,20254,95.0,C,21,28,75.0
동탄6동,구내식당·뷔페,20254,88.1,D,3,27,11.1
동탄6동,기술 서비스,20254,96.8,A,27,28,96.4
동탄6동,기타 가정용품 수리,20254,94.9,C,20,28,71.4
동탄6동,기타 간이,20254,87.8,D,20,29,69.0
동탄6동,기타 개인,20254,96.9,A,3,11,27.3
동탄6동,기타 교육,20254,94.2,C,16,29,55.2
동탄6동,기타 보건,20254,94.9,C,14,19,73.7
동탄6동,기타 사업 서비스,20254,94.9,C,23,26,88.5
동탄6동,기타 상품 소매,20254,95.8,B,17,29,58.6
동탄6동,기타 생활용품 소매,20254,97.3,A,8,28,28.6
동탄6동,기타 전문 과학,20254,94.9,C,16,19,84.2
동탄6동,담배 소매,20254,95.5,B,11,17,64.7
동탄6동,도서관·사적지,20254,95.3,C,13,23,56.5
동탄6동,동남아시아,20254,91.1,D,13,22,59.1
동탄6동,모터사이클 소매,20254,96.0,B,10,14,71.4
동탄6동,모터사이클 수리,20254,95.8,B,13,17,76.5
동탄6동,법무관련 ,20254,95.3,C,15,21,71.4
동탄6동,병원,20254,96.0,B,14,22,63.6
동탄6동,본사·경영 컨설팅,20254,94.2,C,25,29,86.2
동탄6동,부동산 서비스,20254,92.9,C,23,29,79.3
동탄6동,비알코올 ,20254,86.9,D,23,29,79.3
동탄6동,사진 촬영,20254,95.3,C,17,27,63.0
동탄6동,산업용품 대여,20254,97.8,A,8,25,32.0
동탄6동,서양식,20254,84.0,D,24,29,82.8
동탄6동,섬유·의복·신발 소매,20254,90.1,D,23,29,79.3
동탄6동,세탁,20254,93.6,C,21,28,75.0
동탄6동,수의,20254,95.8,B,12,19,63.2
동탄6동,스포츠 서비스,20254,90.5,D,18,29,62.1
동탄6동,시계·귀금속 소매,20254,95.3,C,13,19,68.4
동탄6동,시설관리,20254,94.8,C,22,26,84.6
동탄6동,식료품 소매,20254,88.2,D,21,29,72.4
동탄6동,식물 소매,20254,93.1,C,24,28,85.7
동탄6동,안경·정밀기기 소매,20254,95.3,C,14,25,56.0
동탄6동,애완동물·용품 소매,20254,94.9,C,22,29,75.9
동탄6동,여행사·보조,20254,94.9,C,19,21,90.5
동탄6동,연료 소매,20254,94.4,C,14,24,58.3
동탄6동,오락용품 소매,20254,92.4,D,29,29,100.0
동탄6동,욕탕·신체관리,20254,89.7,D,1,26,3.8
동탄6동,운송장비 대여,20254,94.9,C,20,23,87.0
동탄6동,유원지·오락,20254,88.1,D,20,29,69.0
동탄6동,음료 소매,20254,95.1,C,14,18,77.8
동탄6동,의약·화장품 소매,20254,90.3,D,24,29,82.8
동탄6동,의원,20254,97.3,A,23,26,88.5
동탄6동,이용·미용,20254,91.7,D,28,29,96.6
동탄6동,인쇄·제품제작,20254,96.5,B,16,27,59.3
동탄6동,일반 교육,20254,94.8,C,20,28,71.4
동탄6동,일반 숙박,20254,95.1,C,17,22,77.3
동탄6동,일식,20254,89.4,D,19,26,73.1
동탄6동,자동차 부품 소매,20254,97.2,A,16,24,66.7
동탄6동,자동차 수리·세차,20254,94.8,C,26,28,92.9
동탄6동,장식품 소매,20254,94.9,C,21,24,87.5
동탄6동,전문 디자인,20254,92.4,D,27,29,93.1
동탄6동,조경·유지,20254,94.6,C,15,18,83.3
동탄6동,종합 소매,20254,90.8,D,17,29,58.6
동탄6동,주점,20254,88.6,D,15,28,53.6
동탄6동,중고 상품 소매,20254,94.9,C,19,23,82.6
동탄6동,중식,20254,89.5,D,18,29,62.1
동탄6동,철물·건설자재 소매,20254,98.0,A,15,28,53.6
동탄6동,청소·방제,20254,90.4,D,24,28,85.7
동탄6동,컴퓨터 수리,20254,94.9,C,18,22,81.8
동탄6동,통신장비 수리,20254,94.9,C,12,14,85.7
동탄6동,한식,20254,89.7,D,21,29,72.4
동탄6동,회계·세무,20254,97.6,A,9,24,37.5
동탄7동,가구 소매,20254,92.0,D,24,24,100.0
동탄7동,가전·통신 소매,20254,81.1,D,29,29,100.0
동탄7동,가전제품 수리,20254,93.5,C,27,27,100.0
동탄7동,가정용품 대여,20254,93.7,C,25,26,96.2
동탄7동,고용 알선,20254,82.4,D,25,26,96.2
동탄7동,광고,20254,96.3,B,22,28,78.6
동탄7동,교육 지원,20254,93.3,C,26,28,92.9
동탄7동,구내식당·뷔페,20254,82.4,D,26,27,96.3
동탄7동,기술 서비스,20254,96.9,A,23,28,82.1
동탄7동,기타 가정용품 수리,20254,93.6,C,27,28,96.4
동탄7동,기타 간이,20254,83.8,D,28,29,96.6
동탄7동,기타 교육,20254,89.0,D,29,29,100.0
동탄7동,기타 보건,20254,93.6,C,18,19,94.7
동탄7동,기타 사업 서비스,20254,93.2,C,26,26,100.0
동탄7동,기타 상품 소매,20254,94.0,C,27,29,93.1
동탄7동,기타 생활용품 소매,20254,96.9,A,24,28,85.7
동탄7동,기타 전문 과학,20254,93.2,C,19,19,100.0
동탄7동,담배 소매,20254,93.8,C,16,17,94.1
동탄7동,도서관·사적지,20254,93.4,C,22,23,95.7
동탄7동,동남아시아,20254,81.1,D,20,22,90.9
동탄7동,모터사이클 소매,20254,96.4,B,8,14,57.1
동탄7동,법무관련 ,20254,94.2,C,19,21,90.5
동탄7동,병원,20254,93.5,C,20,22,90.9
동탄7동,본사·경영 컨설팅,20254,92.4,D,29,29,100.0
동탄7동,부동산 서비스,20254,90.9,D,28,29,96.6
동탄7동,비알코올 ,20254,86.2,D,26,29,89.7
동탄7동,사무 지원,20254,94.2,C,17,17,100.0
동탄7동,사진 촬영,20254,93.7,C,26,27,96.3
동탄7동,산업용품 대여,20254,96.7,A,22,25,88.0
동탄7동,서양식,20254,78.6,D,29,29,100.0
동탄7동,섬유·의복·신발 소매,20254,89.4,D,26,29,89.7
동탄7동,세탁,20254,90.9,D,28,28,100.0
동탄7동,수의,20254,93.6,C,18,19,94.7
동탄7동,스포츠 서비스,20254,76.7,D,29,29,100.0
동탄7동,시계·귀금속 소매,20254,93.4,C,18,19,94.7
동탄7동,시설관리,20254,94.2,C,25,26,96.2
동탄7동,시장 조사,20254,96.4,B,2,4,50.0
동탄7동,식료품 소매,20254,85.2,D,24,29,82.8
동탄7동,식물 소매,20254,91.0,D,26,28,92.9
동탄7동,안경·정밀기기 소매,20254,93.7,C,23,25,92.0
동탄7동,애완동물·용품 소매,20254,93.2,C,28,29,96.6
동탄7동,오락용품 소매,20254,94.5,C,25,29,86.2
동탄7동,욕탕·신체관리,20254,77.9,D,26,26,100.0
동탄7동,유원지·오락,20254,77.6,D,29,29,100.0
동탄7동,음료 소매,20254,93.7,C,18,18,100.0
동탄7동,의약·화장품 소매,20254,85.6,D,27,29,93.1
동탄7동,의원,20254,96.9,A,25,26,96.2
동탄7동,이용·미용,20254,89.8,D,29,29,100.0
동탄7동,일반 교육,20254,89.8,D,28,28,100.0
동탄7동,일반 숙박,20254,94.3,C,20,22,90.9
동탄7동,일식,20254,81.2,D,23,26,88.5
동탄7동,자동차 부품 소매,20254,97.9,A,4,24,16.7
동탄7동,자동차 수리·세차,20254,96.6,B,13,28,46.4
동탄7동,장식품 소매,20254,96.4,B,13,24,54.2
동탄7동,전문 디자인,20254,92.3,D,28,29,96.6
동탄7동,조경·유지,20254,96.4,B,9,18,50.0
동탄7동,종합 소매,20254,87.5,D,25,29,86.2
동탄7동,주점,20254,79.8,D,27,28,96.4
동탄7동,중고 상품 소매,20254,94.2,C,22,23,95.7
동탄7동,중식,20254,78.5,D,28,29,96.6
동탄7동,청소·방제,20254,88.2,D,26,28,92.9
동탄7동,컴퓨터 수리,20254,93.9,C,22,22,100.0
동탄7동,한식,20254,87.8,D,27,29,93.1
동탄7동,회계·세무,20254,97.0,A,22,24,91.7
동탄8동,가전·통신 소매,20254,81.8,D,27,29,93.1
동탄8동,가전제품 수리,20254,97.3,A,2,27,7.4
동탄8동,가정용품 대여,20254,94.3,C,23,26,88.5
동탄8동,교육 지원,20254,94.7,C,23,28,82.1
동탄8동,구내식당·뷔페,20254,82.9,D,24,27,88.9
동탄8동,기술 서비스,20254,97.5,A,19,28,67.9
동탄8동,기타 가정용품 수리,20254,94.7,C,22,28,78.6
동탄8동,기타 간이,20254,84.4,D,27,29,93.1
동탄8동,기타 개인,20254,97.3,A,2,11,18.2
동탄8동,기타 교육,20254,90.8,D,27,29,93.1
동탄8동,기타 사업 서비스,20254,97.3,A,6,26,23.1
동탄8동,기타 상품 소매,20254,94.7,C,24,29,82.8
동탄8동,기타 생활용품 소매,20254,97.0,A,18,28,64.3
동탄8동,도서관·사적지,20254,94.7,C,19,23,82.6
동탄8동,병원,20254,96.8,A,4,22,18.2
동탄8동,본사·경영 컨설팅,20254,96.0,B,10,29,34.5
동탄8동,부동산 서비스,20254,92.8,C,24,29,82.8
동탄8동,비알코올 ,20254,83.9,D,29,29,100.0
동탄8동,사진 촬영,20254,94.4,C,22,27,81.5
동탄8동,서양식,20254,80.6,D,28,29,96.6
동탄8동,섬유·의복·신발 소매,20254,90.1,D,23,29,79.3
동탄8동,세탁,20254,92.8,C,25,28,89.3
동탄8동,스포츠 서비스,20254,82.3,D,28,29,96.6
동탄8동,시설관리,20254,97.3,A,3,26,11.5
동탄8동,식료품 소매,20254,84.2,D,25,29,86.2
동탄8동,식물 소매,20254,93.2,C,23,28,82.1
동탄8동,안경·정밀기기 소매,20254,94.7,C,20,25,80.0
동탄8동,애완동물·용품 소매,20254,94.8,C,23,29,79.3
동탄8동,연료 소매,20254,93.2,C,21,24,87.5
동탄8동,오락용품 소매,20254,95.7,B,17,29,58.6
동탄8동,욕탕·신체관리,20254,80.2,D,23,26,88.5
동탄8동,유원지·오락,20254,79.7,D,26,29,89.7
동탄8동,의약·화장품 소매,20254,90.8,D,22,29,75.9
동탄8동,의원,20254,98.0,A,18,26,69.2
동탄8동,이용·미용,20254,93.0,C,26,29,89.7
동탄8동,인쇄·제품제작,20254,96.0,B,24,27,88.9
동탄8동,일반 교육,20254,93.2,C,25,28,89.3
동탄8동,일식,20254,78.0,D,25,26,96.2
동탄8동,자동차 부품 소매,20254,96.7,A,23,24,95.8
동탄8동,자동차 수리·세차,20254,96.5,B,14,28,50.0
동탄8동,장식품 소매,20254,94.2,C,23,24,95.8
동탄8동,전문 디자인,20254,93.9,C,23,29,79.3
동탄8동,종합 소매,20254,86.0,D,26,29,89.7
동탄8동,주점,20254,83.1,D,23,28,82.1
동탄8동,중식,20254,80.4,D,27,29,93.1
동탄8동,철물·건설자재 소매,20254,98.1,A,11,28,39.3
동탄8동,청소·방제,20254,89.7,D,25,28,89.3
동탄8동,컴퓨터 수리,20254,94.2,C,21,22,95.5
동탄8동,한식,20254,88.0,D,26,29,89.7
동탄9동,가전·통신 소매,20254,83.5,D,26,29,89.7
동탄9동,가전제품 수리,20254,95.3,C,19,27,70.4
동탄9동,광고,20254,96.5,B,18,28,64.3
동탄9동,교육 지원,20254,93.3,C,26,28,92.9
동탄9동,기술 서비스,20254,95.2,C,28,28,100.0
동탄9동,기타 가정용품 수리,20254,91.7,D,28,28,100.0
동탄9동,기타 간이,20254,79.9,D,29,29,100.0
동탄9동,기타 교육,20254,90.4,D,28,29,96.6
동탄9동,기타 보건,20254,91.2,D,19,19,100.0
동탄9동,기타 상품 소매,20254,92.6,C,29,29,100.0
동탄9동,기타 생활용품 소매,20254,95.3,C,28,28,100.0
동탄9동,기타 전문 과학,20254,95.3,C,14,19,73.7
동탄9동,도서관·사적지,20254,93.3,C,23,23,100.0
동탄9동,동남아시아,20254,79.2,D,22,22,100.0
동탄9동,병원,20254,91.7,D,22,22,100.0
동탄9동,본사·경영 컨설팅,20254,93.3,C,28,29,96.6
동탄9동,부동산 서비스,20254,92.3,D,26,29,89.7
동탄9동,비알코올 ,20254,84.6,D,28,29,96.6
동탄9동,사진 촬영,20254,92.2,D,27,27,100.0
동탄9동,서양식,20254,81.2,D,27,29,93.1
동탄9동,섬유·의복·신발 소매,20254,87.3,D,28,29,96.6
동탄9동,세탁,20254,91.6,D,27,28,96.4
동탄9동,수의,20254,91.5,D,19,19,100.0
동탄9동,스포츠 서비스,20254,85.2,D,25,29,86.2
동탄9동,식료품 소매,20254,81.2,D,27,29,93.1
동탄9동,식물 소매,20254,90.3,D,28,28,100.0
동탄9동,안경·정밀기기 소매,20254,92.5,D,25,25,100.0
동탄9동,애완동물·용품 소매,20254,91.1,D,29,29,100.0
동탄9동,오락용품 소매,20254,93.3,C,28,29,96.6
동탄9동,욕탕·신체관리,20254,82.0,D,21,26,80.8
동탄9동,운송장비 대여,20254,93.2,C,23,23,100.0
동탄9동,유원지·오락,20254,78.1,D,28,29,96.6
동탄9동,의약·화장품 소매,20254,83.6,D,29,29,100.0
동탄9동,의원,20254,96.2,B,26,26,100.0
동탄9동,이용·미용,20254,92.0,D,27,29,93.1
동탄9동,일반 교육,20254,92.0,D,26,28,92.9
동탄9동,일식,20254,77.7,D,26,26,100.0
동탄9동,자동차 수리·세차,20254,94.8,C,26,28,92.9
동탄9동,장식품 소매,20254,91.2,D,24,24,100.0
동탄9동,전문 디자인,20254,91.3,D,29,29,100.0
동탄9동,종합 소매,20254,84.0,D,27,29,93.1
동탄9동,주점,20254,81.6,D,24,28,85.7
동탄9동,중식,20254,73.0,D,29,29,100.0
동탄9동,철물·건설자재 소매,20254,95.7,B,28,28,100.0
동탄9동,청소·방제,20254,86.1,D,27,28,96.4
동탄9동,한식,20254,82.0,D,28,29,96.6
동탄9동,회계·세무,20254,95.0,C,24,24,100.0
마도면,가전·통신 소매,20254,87.3,D,22,29,75.9
마도면,가전제품 수리,20254,95.7,B,18,27,66.7
마도면,가정용품 대여,20254,96.8,A,8,26,30.8
마도면,고용 알선,20254,90.1,D,17,26,65.4
마도면,광고,20254,96.6,B,14,28,50.0
마도면,교육 지원,20254,95.6,B,17,28,60.7
마도면,구내식당·뷔페,20254,86.2,D,9,27,33.3
마도면,기술 서비스,20254,98.0,A,12,28,42.9
마도면,기타 가정용품 수리,20254,95.0,C,19,28,67.9
마도면,기타 간이,20254,89.4,D,16,29,55.2
마도면,기타 개인,20254,95.7,B,7,11,63.6
마도면,기타 교육,20254,95.8,B,10,29,34.5
마도면,기타 사업 서비스,20254,96.8,A,10,26,38.5
마도면,기타 상품 소매,20254,96.0,B,13,29,44.8
마도면,기타 생활용품 소매,20254,97.0,A,18,28,64.3
마도면,기타 숙박,20254,95.4,C,10,12,83.3
마도면,도서관·사적지,20254,96.8,A,1,23,4.3
마도면,모터사이클 소매,20254,95.7,B,13,14,92.9
마도면,모터사이클 수리,20254,95.4,C,14,17,82.4
마도면,법무관련 ,20254,95.3,C,15,21,71.4
마도면,병원,20254,96.8,A,4,22,18.2
마도면,본사·경영 컨설팅,20254,96.1,B,9,29,31.0
마도면,부동산 서비스,20254,93.7,C,19,29,65.5
마도면,비알코올 ,20254,90.6,D,11,29,37.9
마도면,산업용품 대여,20254,96.9,A,18,25,72.0
마도면,서양식,20254,89.9,D,14,29,48.3
마도면,섬유·의복·신발 소매,20254,92.3,D,16,29,55.2
마도면,세탁,20254,94.9,C,17,28,60.7
마도면,스포츠 서비스,20254,90.6,D,16,29,55.2
마도면,시설관리,20254,95.6,B,18,26,69.2
마도면,식료품 소매,20254,89.6,D,19,29,65.5
마도면,식물 소매,20254,94.4,C,17,28,60.7
마도면,애완동물·용품 소매,20254,95.7,B,16,29,55.2
마도면,연료 소매,20254,94.0,C,17,24,70.8
마도면,오락용품 소매,20254,96.1,B,9,29,31.0
마도면,욕탕·신체관리,20254,86.6,D,15,26,57.7
마도면,운송장비 대여,20254,96.8,A,8,23,34.8
마도면,유원지·오락,20254,89.5,D,15,29,51.7
마도면,음료 소매,20254,96.8,A,8,18,44.4
마도면,의약·화장품 소매,20254,93.3,C,15,29,51.7
마도면,의원,20254,98.2,A,13,26,50.0
마도면,이용·미용,20254,97.3,A,5,29,17.2
마도면,인쇄·제품제작,20254,96.1,B,22,27,81.5
마도면,일반 교육,20254,98.3,A,2,28,7.1
마도면,일반 숙박,20254,95.4,C,14,22,63.6
마도면,일식,20254,90.5,D,14,26,53.8
마도면,자동차 부품 소매,20254,97.8,A,5,24,20.8
마도면,자동차 수리·세차,20254,96.8,A,8,28,28.6
마도면,장례식장 ,20254,94.9,C,16,17,94.1
마도면,장식품 소매,20254,96.8,A,9,24,37.5
마도면,전문 디자인,20254,94.7,C,16,29,55.2
마도면,조경·유지,20254,95.6,B,12,18,66.7
마도면,종합 소매,20254,89.4,D,22,29,75.9
마도면,주점,20254,89.1,D,11,28,39.3
마도면,중고 상품 소매,20254,95.4,C,18,23,78.3
마도면,중식,20254,90.0,D,15,29,51.7
마도면,철물·건설자재 소매,20254,97.8,A,19,28,67.9
마도면,청소·방제,20254,92.8,C,16,28,57.1
마도면,컴퓨터 수리,20254,95.6,B,14,22,63.6
마도면,한식,20254,89.9,D,18,29,62.1
마도면,회계·세무,20254,97.3,A,15,24,62.5
매송면,가구 소매,20254,96.3,B,8,24,33.3
매송면,가전·통신 소매,20254,92.8,C,7,29,24.1
매송면,가전제품 수리,20254,97.3,A,2,27,7.4
매송면,가정용품 대여,20254,97.3,A,5,26,19.2
매송면,고용 알선,20254,90.9,D,10,26,38.5
매송면,광고,20254,96.6,B,14,28,50.0
매송면,교육 지원,20254,97.3,A,5,28,17.9
매송면,구내식당·뷔페,20254,84.7,D,16,27,59.3
매송면,기술 서비스,20254,98.8,A,1,28,3.6
매송면,기타 가정용품 수리,20254,97.3,A,4,28,14.3
매송면,기타 간이,20254,92.1,D,5,29,17.2
매송면,기타 교육,20254,96.1,B,6,29,20.7
매송면,기타 사업 서비스,20254,97.3,A,6,26,23.1
매송면,기타 상품 소매,20254,96.2,B,9,29,31.0
매송면,기타 생활용품 소매,20254,98.3,A,2,28,7.1
매송면,본사·경영 컨설팅,20254,95.9,B,14,29,48.3
매송면,부동산 서비스,20254,94.7,C,8,29,27.6
매송면,비알코올 ,20254,92.1,D,4,29,13.8
매송면,사진 촬영,20254,97.3,A,3,27,11.1
매송면,산업용품 대여,20254,97.8,A,8,25,32.0
매송면,서양식,20254,90.6,D,12,29,41.4
매송면,섬유·의복·신발 소매,20254,95.5,B,3,29,10.3
매송면,세탁,20254,95.3,C,12,28,42.9
매송면,스포츠 서비스,20254,95.4,C,2,29,6.9
매송면,식료품 소매,20254,94.3,C,7,29,24.1
매송면,식물 소매,20254,96.1,B,6,28,21.4
매송면,안경·정밀기기 소매,20254,97.3,A,2,25,8.0
매송면,애완동물·용품 소매,20254,96.2,B,12,29,41.4
매송면,여행사·보조,20254,95.7,B,14,21,66.7
매송면,연료 소매,20254,93.7,C,18,24,75.0
매송면,오락용품 소매,20254,95.4,C,21,29,72.4
매송면,유원지·오락,20254,90.5,D,8,29,27.6
매송면,의약·화장품 소매,20254,94.2,C,9,29,31.0
매송면,이용·미용,20254,97.7,A,1,29,3.4
매송면,인쇄·제품제작,20254,96.6,B,12,27,44.4
매송면,일반 교육,20254,96.8,A,10,28,35.7
매송면,일반 숙박,20254,96.0,B,11,22,50.0
매송면,일식,20254,91.2,D,10,26,38.5
매송면,자동차 부품 소매,20254,97.3,A,13,24,54.2
매송면,자동차 수리·세차,20254,97.1,A,4,28,14.3
매송면,장례식장 ,20254,96.2,B,9,17,52.9
매송면,장식품 소매,20254,95.7,B,18,24,75.0
매송면,전문 디자인,20254,94.9,C,14,29,48.3
매송면,종합 소매,20254,94.1,C,1,29,3.4
매송면,주점,20254,90.1,D,6,28,21.4
매송면,중식,20254,91.3,D,7,29,24.1
매송면,철물·건설자재 소매,20254,98.1,A,11,28,39.3
매송면,청소·방제,20254,94.7,C,11,28,39.3
매송면,한식,20254,92.6,C,2,29,6.9
반월동,가구 소매,20254,95.2,C,12,24,50.0
반월동,가전·통신 소매,20254,92.4,D,10,29,34.5
반월동,가전제품 수리,20254,96.7,A,7,27,25.9
반월동,가정용품 대여,20254,97.2,A,6,26,23.1
반월동,고용 알선,20254,91.4,D,7,26,26.9
반월동,광고,20254,97.0,A,10,28,35.7
반월동,교육 지원,20254,96.3,B,12,28,42.9
반월동,구내식당·뷔페,20254,86.6,D,7,27,25.9
반월동,기술 서비스,20254,98.4,A,7,28,25.0
반월동,기타 가정용품 수리,20254,96.7,A,6,28,21.4
반월동,기타 간이,20254,91.1,D,8,29,27.6
반월동,기타 교육,20254,95.6,B,12,29,41.4
반월동,기타 보건,20254,96.3,B,6,19,31.6
반월동,기타 사업 서비스,20254,96.4,B,14,26,53.8
반월동,기타 상품 소매,20254,96.6,B,5,29,17.2
반월동,기타 생활용품 소매,20254,97.1,A,15,28,53.6
반월동,기타 전문 과학,20254,96.2,B,10,19,52.6
반월동,도서관·사적지,20254,96.7,A,2,23,8.7
반월동,모터사이클 소매,20254,97.2,A,3,14,21.4
반월동,모터사이클 수리,20254,96.7,A,5,17,29.4
반월동,법무관련 ,20254,96.7,A,5,21,23.8
반월동,병원,20254,96.7,A,7,22,31.8
반월동,본사·경영 컨설팅,20254,96.8,A,5,29,17.2
반월동,부동산 서비스,20254,95.7,B,6,29,20.7
반월동,비알코올 ,20254,91.4,D,7,29,24.1
반월동,사무 지원,20254,97.2,A,4,17,23.5
반월동,사진 촬영,20254,96.7,A,7,27,25.9
반월동,산업용품 대여,20254,98.2,A,3,25,12.0
반월동,서양식,20254,91.0,D,8,29,27.6
반월동,섬유·의복·신발 소매,20254,95.3,C,6,29,20.7
반월동,세탁,20254,96.6,B,2,28,7.1
반월동,수의,20254,96.1,B,9,19,47.4
반월동,스포츠 서비스,20254,94.2,C,7,29,24.1
반월동,시계·귀금속 소매,20254,96.7,A,3,19,15.8
반월동,시설관리,20254,96.7,A,8,26,30.8
반월동,식료품 소매,20254,92.4,D,13,29,44.8
반월동,식물 소매,20254,96.0,B,7,28,25.0
반월동,안경·정밀기기 소매,20254,96.4,B,8,25,32.0
반월동,애완동물·용품 소매,20254,96.7,A,5,29,17.2
반월동,연료 소매,20254,96.1,B,2,24,8.3
반월동,오락용품 소매,20254,96.5,B,6,29,20.7
반월동,욕탕·신체관리,20254,87.0,D,9,26,34.6
반월동,운송장비 대여,20254,96.3,B,12,23,52.2
반월동,유원지·오락,20254,90.9,D,5,29,17.2
반월동,의약·화장품 소매,20254,94.5,C,7,29,24.1
반월동,의원,20254,98.5,A,5,26,19.2
반월동,이용·미용,20254,96.1,B,12,29,41.4
반월동,인쇄·제품제작,20254,96.8,A,10,27,37.0
반월동,일반 교육,20254,96.4,B,12,28,42.9
반월동,일식,20254,91.8,D,6,26,23.1
반월동,자동차 부품 소매,20254,97.7,A,6,24,25.0
반월동,자동차 수리·세차,20254,96.5,B,14,28,50.0
반월동,장식품 소매,20254,97.2,A,7,24,29.2
반월동,전문 디자인,20254,96.8,A,5,29,17.2
반월동,종합 소매,20254,92.3,D,10,29,34.5
반월동,주점,20254,89.4,D,9,28,32.1
반월동,중고 상품 소매,20254,97.2,A,4,23,17.4
반월동,중식,20254,91.1,D,8,29,27.6
반월동,철물·건설자재 소매,20254,98.5,A,5,28,17.9
반월동,청소·방제,20254,95.1,C,7,28,25.0
반월동,컴퓨터 수리,20254,97.2,A,3,22,13.6
반월동,통신장비 수리,20254,96.7,A,4,14,28.6
반월동,한식,20254,92.6,C,2,29,6.9
반월동,회계·세무,20254,97.9,A,5,24,20.8
병점1동,가구 소매,20254,94.9,C,13,24,54.2
병점1동,가전·통신 소매,20254,92.2,D,12,29,41.4
병점1동,가전제품 수리,20254,96.1,B,15,27,55.6
병점1동,가정용품 대여,20254,96.0,B,14,26,53.8
병점1동,고용 알선,20254,90.2,D,16,26,61.5
병점1동,광고,20254,97.1,A,9,28,32.1
병점1동,교육 지원,20254,96.3,B,12,28,42.9
병점1동,구내식당·뷔페,20254,86.3,D,8,27,29.6
병점1동,기술 서비스,20254,98.3,A,9,28,32.1
병점1동,기타 가정용품 수리,20254,95.9,B,16,28,57.1
병점1동,기타 간이,20254,90.1,D,12,29,41.4
병점1동,기타 교육,20254,94.2,C,16,29,55.2
병점1동,기타 보건,20254,96.3,B,6,19,31.6
병점1동,기타 사업 서비스,20254,96.1,B,18,26,69.2
병점1동,기타 상품 소매,20254,96.0,B,13,29,44.8
병점1동,기타 생활용품 소매,20254,97.1,A,15,28,53.6
병점1동,기타 숙박,20254,96.3,B,5,12,41.7
병점1동,담배 소매,20254,96.3,B,6,17,35.3
병점1동,도서관·사적지,20254,96.1,B,9,23,39.1
병점1동,동남아시아,20254,92.7,C,9,22,40.9
병점1동,모터사이클 수리,20254,95.9,B,12,17,70.6
병점1동,법무관련 ,20254,96.3,B,11,21,52.4
병점1동,병원,20254,96.3,B,12,22,54.5
병점1동,본사·경영 컨설팅,20254,95.1,C,21,29,72.4
병점1동,부동산 서비스,20254,94.3,C,12,29,41.4
병점1동,비알코올 ,20254,90.2,D,13,29,44.8
병점1동,사진 촬영,20254,95.9,B,15,27,55.6
병점1동,서양식,20254,89.7,D,16,29,55.2
병점1동,섬유·의복·신발 소매,20254,92.4,D,15,29,51.7
병점1동,세탁,20254,95.5,B,11,28,39.3
병점1동,수의,20254,96.3,B,6,19,31.6
병점1동,스포츠 서비스,20254,93.2,C,12,29,41.4
병점1동,시계·귀금속 소매,20254,96.0,B,10,19,52.6
병점1동,시설관리,20254,96.0,B,16,26,61.5
병점1동,식료품 소매,20254,93.1,C,10,29,34.5
병점1동,식물 소매,20254,95.2,C,13,28,46.4
병점1동,안경·정밀기기 소매,20254,96.2,B,10,25,40.0
병점1동,애완동물·용품 소매,20254,96.2,B,12,29,41.4
병점1동,여행사·보조,20254,96.2,B,10,21,47.6
병점1동,오락용품 소매,20254,96.1,B,9,29,31.0
병점1동,욕탕·신체관리,20254,86.7,D,14,26,53.8
병점1동,운송장비 대여,20254,96.0,B,15,23,65.2
병점1동,유원지·오락,20254,90.2,D,10,29,34.5
병점1동,의약·화장품 소매,20254,94.0,C,13,29,44.8
병점1동,의원,20254,98.4,A,9,26,34.6
병점1동,이용·미용,20254,96.2,B,11,29,37.9
병점1동,인쇄·제품제작,20254,97.1,A,7,27,25.9
병점1동,일반 교육,20254,96.0,B,15,28,53.6
병점1동,일반 숙박,20254,96.6,B,8,22,36.4
병점1동,일식,20254,90.6,D,12,26,46.2
병점1동,자동차 수리·세차,20254,97.1,A,4,28,14.3
병점1동,장식품 소매,20254,96.0,B,16,24,66.7
병점1동,전문 디자인,20254,95.3,C,13,29,44.8
병점1동,조경·유지,20254,95.9,B,10,18,55.6
병점1동,종합 소매,20254,91.6,D,14,29,48.3
병점1동,주점,20254,89.5,D,8,28,28.6
병점1동,중고 상품 소매,20254,96.3,B,12,23,52.2
병점1동,중식,20254,90.8,D,10,29,34.5
병점1동,철물·건설자재 소매,20254,98.6,A,3,28,10.7
병점1동,청소·방제,20254,95.0,C,8,28,28.6
병점1동,컴퓨터 수리,20254,96.3,B,6,22,27.3
병점1동,통신장비 수리,20254,96.3,B,7,14,50.0
병점1동,한식,20254,91.0,D,11,29,37.9
병점1동,회계·세무,20254,98.1,A,3,24,12.5
병점2동,가구 소매,20254,94.2,C,16,24,66.7
병점2동,가전·통신 소매,20254,89.2,D,18,29,62.1
병점2동,가전제품 수리,20254,95.3,C,19,27,70.4
병점2동,가정용품 대여,20254,95.1,C,18,26,69.2
병점2동,고용 알선,20254,89.8,D,18,26,69.2
병점2동,광고,20254,96.4,B,19,28,67.9
병점2동,교육 지원,20254,95.3,C,18,28,64.3
병점2동,기술 서비스,20254,97.1,A,22,28,78.6
병점2동,기타 가정용품 수리,20254,95.3,C,17,28,60.7
병점2동,기타 간이,20254,86.6,D,23,29,79.3
병점2동,기타 교육,20254,93.5,C,23,29,79.3
병점2동,기타 보건,20254,95.3,C,10,19,52.6
병점2동,기타 사업 서비스,20254,95.3,C,21,26,80.8
병점2동,기타 상품 소매,20254,95.3,C,20,29,69.0
병점2동,기타 생활용품 소매,20254,97.0,A,18,28,64.3
병점2동,기타 숙박,20254,96.0,B,7,12,58.3
병점2동,담배 소매,20254,95.3,C,12,17,70.6
병점2동,도서관·사적지,20254,95.3,C,13,23,56.5
병점2동,동남아시아,20254,90.6,D,14,22,63.6
병점2동,모터사이클 소매,20254,96.7,A,4,14,28.6
병점2동,본사·경영 컨설팅,20254,95.9,B,14,29,48.3
병점2동,부동산 서비스,20254,94.3,C,12,29,41.4
병점2동,비알코올 ,20254,89.8,D,16,29,55.2
병점2동,사무 지원,20254,95.1,C,14,17,82.4
병점2동,사진 촬영,20254,95.3,C,17,27,63.0
병점2동,산업용품 대여,20254,96.9,A,18,25,72.0
병점2동,서양식,20254,88.5,D,18,29,62.1
병점2동,섬유·의복·신발 소매,20254,91.2,D,20,29,69.0
병점2동,세탁,20254,94.6,C,19,28,67.9
병점2동,스포츠 서비스,20254,90.5,D,18,29,62.1
병점2동,시계·귀금속 소매,20254,96.0,B,10,19,52.6
병점2동,시설관리,20254,95.3,C,19,26,73.1
병점2동,식료품 소매,20254,88.9,D,20,29,69.0
병점2동,식물 소매,20254,94.2,C,19,28,67.9
병점2동,안경·정밀기기 소매,20254,95.3,C,14,25,56.0
병점2동,애완동물·용품 소매,20254,95.3,C,19,29,65.5
병점2동,여행사·보조,20254,95.3,C,17,21,81.0
병점2동,연료 소매,20254,94.5,C,13,24,54.2
병점2동,오락용품 소매,20254,95.5,B,20,29,69.0
병점2동,욕탕·신체관리,20254,86.4,D,16,26,61.5
병점2동,운송장비 대여,20254,95.3,C,18,23,78.3
병점2동,유원지·오락,20254,89.2,D,16,29,55.2
병점2동,의약·화장품 소매,20254,92.1,D,19,29,65.5
병점2동,의원,20254,98.0,A,18,26,69.2
병점2동,이용·미용,20254,94.4,C,23,29,79.3
병점2동,인쇄·제품제작,20254,96.3,B,18,27,66.7
병점2동,일반 교육,20254,94.1,C,24,28,85.7
병점2동,일반 숙박,20254,94.6,C,19,22,86.4
병점2동,일식,20254,89.5,D,18,26,69.2
병점2동,자동차 수리·세차,20254,97.9,A,1,28,3.6
병점2동,장례식장 ,20254,95.1,C,15,17,88.2
병점2동,장식품 소매,20254,95.1,C,19,24,79.2
병점2동,전문 디자인,20254,94.7,C,16,29,55.2
병점2동,조경·유지,20254,95.3,C,14,18,77.8
병점2동,종합 소매,20254,89.5,D,19,29,65.5
병점2동,주점,20254,88.8,D,14,28,50.0
병점2동,중식,20254,89.9,D,16,29,55.2
병점2동,철물·건설자재 소매,20254,97.7,A,21,28,75.0
병점2동,청소·방제,20254,92.4,D,18,28,64.3
병점2동,컴퓨터 수리,20254,95.3,C,15,22,68.2
병점2동,통신장비 수리,20254,95.3,C,9,14,64.3
병점2동,한식,20254,89.0,D,23,29,79.3
병점2동,회계·세무,20254,97.2,A,17,24,70.8
봉담읍,가구 소매,20254,94.8,C,14,24,58.3
봉담읍,가전·통신 소매,20254,92.2,D,12,29,41.4
봉담읍,가전제품 수리,20254,96.2,B,12,27,44.4
봉담읍,가정용품 대여,20254,96.4,B,11,26,42.3
봉담읍,고용 알선,20254,90.4,D,11,26,42.3
봉담읍,광고,20254,97.2,A,6,28,21.4
봉담읍,교육 지원,20254,96.2,B,15,28,53.6
봉담읍,구내식당·뷔페,20254,87.7,D,4,27,14.8
봉담읍,기술 서비스,20254,97.7,A,16,28,57.1
봉담읍,기타 가정용품 수리,20254,96.1,B,12,28,42.9
봉담읍,기타 간이,20254,90.1,D,12,29,41.4
봉담읍,기타 교육,20254,94.7,C,15,29,51.7
봉담읍,기타 보건,20254,96.4,B,5,19,26.3
봉담읍,기타 사업 서비스,20254,96.5,B,12,26,46.2
봉담읍,기타 상품 소매,20254,96.2,B,9,29,31.0
봉담읍,기타 생활용품 소매,20254,97.0,A,18,28,64.3
봉담읍,기타 숙박,20254,96.2,B,6,12,50.0
봉담읍,기타 전문 과학,20254,96.5,B,8,19,42.1
봉담읍,담배 소매,20254,96.2,B,8,17,47.1
봉담읍,도서관·사적지,20254,96.6,B,4,23,17.4
봉담읍,동남아시아,20254,93.5,C,3,22,13.6
봉담읍,모터사이클 소매,20254,96.5,B,6,14,42.9
봉담읍,모터사이클 수리,20254,96.5,B,8,17,47.1
봉담읍,법무관련 ,20254,96.4,B,9,21,42.9
봉담읍,병원,20254,96.5,B,9,22,40.9
봉담읍,본사·경영 컨설팅,20254,96.0,B,10,29,34.5
봉담읍,부동산 서비스,20254,93.9,C,17,29,58.6
봉담읍,비알코올 ,20254,90.4,D,12,29,41.4
봉담읍,사무 지원,20254,96.5,B,8,17,47.1
봉담읍,사진 촬영,20254,96.5,B,9,27,33.3
봉담읍,산업용품 대여,20254,97.2,A,14,25,56.0
봉담읍,서양식,20254,91.3,D,4,29,13.8
봉담읍,섬유·의복·신발 소매,20254,94.5,C,11,29,37.9
봉담읍,세탁,20254,95.3,C,12,28,42.9
봉담읍,수의,20254,96.2,B,8,19,42.1
봉담읍,스포츠 서비스,20254,93.7,C,10,29,34.5
봉담읍,시계·귀금속 소매,20254,96.5,B,5,19,26.3
봉담읍,시설관리,20254,96.5,B,10,26,38.5
봉담읍,식료품 소매,20254,93.0,C,11,29,37.9
봉담읍,식물 소매,20254,95.6,B,11,28,39.3
봉담읍,안경·정밀기기 소매,20254,96.2,B,10,25,40.0
봉담읍,애완동물·용품 소매,20254,96.2,B,12,29,41.4
봉담읍,여행사·보조,20254,96.5,B,7,21,33.3
봉담읍,연료 소매,20254,95.4,C,10,24,41.7
봉담읍,오락용품 소매,20254,95.9,B,14,29,48.3
봉담읍,욕탕·신체관리,20254,87.4,D,7,26,26.9
봉담읍,운송장비 대여,20254,96.6,B,11,23,47.8
봉담읍,유원지·오락,20254,89.7,D,13,29,44.8
봉담읍,음료 소매,20254,97.1,A,5,18,27.8
봉담읍,의약·화장품 소매,20254,93.4,C,14,29,48.3
봉담읍,의원,20254,98.1,A,16,26,61.5
봉담읍,이용·미용,20254,95.1,C,20,29,69.0
봉담읍,인쇄·제품제작,20254,96.2,B,19,27,70.4
봉담읍,일반 교육,20254,94.4,C,23,28,82.1
봉담읍,일반 숙박,20254,97.4,A,2,22,9.1
봉담읍,일식,20254,90.2,D,17,26,65.4
봉담읍,자동차 부품 소매,20254,97.2,A,16,24,66.7
봉담읍,자동차 수리·세차,20254,96.8,A,8,28,28.6
봉담읍,장례식장 ,20254,96.5,B,5,17,29.4
봉담읍,장식품 소매,20254,96.5,B,11,24,45.8
봉담읍,전문 디자인,20254,96.3,B,7,29,24.1
봉담읍,조경·유지,20254,96.5,B,7,18,38.9
봉담읍,종합 소매,20254,92.4,D,6,29,20.7
봉담읍,주점,20254,88.1,D,17,28,60.7
봉담읍,중고 상품 소매,20254,96.5,B,10,23,43.5
봉담읍,중식,20254,89.9,D,16,29,55.2
봉담읍,철물·건설자재 소매,20254,98.2,A,9,28,32.1
봉담읍,청소·방제,20254,94.5,C,13,28,46.4
봉담읍,컴퓨터 수리,20254,96.2,B,8,22,36.4
봉담읍,통신장비 수리,20254,96.5,B,5,14,35.7
봉담읍,한식,20254,91.6,D,7,29,24.1
봉담읍,회계·세무,20254,97.5,A,12,24,50.0
비봉면,가구 소매,20254,96.3,B,8,24,33.3
비봉면,가전·통신 소매,20254,93.5,C,4,29,13.8
비봉면,가전제품 수리,20254,97.3,A,2,27,7.4
비봉면,고용 알선,20254,91.2,D,8,26,30.8
비봉면,광고,20254,97.3,A,4,28,14.3
비봉면,교육 지원,20254,97.3,A,5,28,17.9
비봉면,구내식당·뷔페,20254,84.8,D,15,27,55.6
비봉면,기술 서비스,20254,97.6,A,18,28,64.3
비봉면,기타 가정용품 수리,20254,96.1,B,12,28,42.9
비봉면,기타 간이,20254,92.5,D,3,29,10.3
비봉면,기타 교육,20254,95.9,B,8,29,27.6
비봉면,기타 사업 서비스,20254,97.3,A,6,26,23.1
비봉면,기타 상품 소매,20254,96.1,B,12,29,41.4
비봉면,기타 생활용품 소매,20254,97.0,A,18,28,64.3
비봉면,기타 전문 과학,20254,97.3,A,4,19,21.1
비봉면,모터사이클 소매,20254,96.1,B,9,14,64.3
비봉면,법무관련 ,20254,96.1,B,13,21,61.9
비봉면,본사·경영 컨설팅,20254,96.0,B,10,29,34.5
비봉면,부동산 서비스,20254,93.8,C,18,29,62.1
비봉면,비알코올 ,20254,92.7,C,3,29,10.3
비봉면,사진 촬영,20254,96.1,B,13,27,48.1
비봉면,산업용품 대여,20254,96.8,A,21,25,84.0
비봉면,서양식,20254,91.2,D,6,29,20.7
비봉면,섬유·의복·신발 소매,20254,94.4,C,12,29,41.4
비봉면,세탁,20254,95.3,C,12,28,42.9
비봉면,스포츠 서비스,20254,93.5,C,11,29,37.9
비봉면,시계·귀금속 소매,20254,95.9,B,12,19,63.2
비봉면,시설관리,20254,97.3,A,3,26,11.5
비봉면,식료품 소매,20254,94.4,C,6,29,20.7
비봉면,식물 소매,20254,95.9,B,8,28,28.6
비봉면,안경·정밀기기 소매,20254,97.2,A,3,25,12.0
비봉면,애완동물·용품 소매,20254,95.7,B,16,29,55.2
비봉면,연료 소매,20254,94.3,C,15,24,62.5
비봉면,오락용품 소매,20254,95.8,B,15,29,51.7
비봉면,운송장비 대여,20254,97.3,A,5,23,21.7
비봉면,유원지·오락,20254,91.8,D,3,29,10.3
비봉면,의약·화장품 소매,20254,94.2,C,9,29,31.0
비봉면,의원,20254,98.5,A,5,26,19.2
비봉면,이용·미용,20254,97.1,A,8,29,27.6
비봉면,인쇄·제품제작,20254,97.7,A,4,27,14.8
비봉면,일반 교육,20254,97.4,A,7,28,25.0
비봉면,일반 숙박,20254,95.3,C,16,22,72.7
비봉면,일식,20254,93.5,C,2,26,7.7
비봉면,자동차 부품 소매,20254,97.4,A,12,24,50.0
비봉면,자동차 수리·세차,20254,96.7,A,11,28,39.3
비봉면,장례식장 ,20254,96.1,B,11,17,64.7
비봉면,장식품 소매,20254,97.3,A,6,24,25.0
비봉면,전문 디자인,20254,94.5,C,19,29,65.5
비봉면,조경·유지,20254,95.9,B,10,18,55.6
비봉면,종합 소매,20254,93.3,C,3,29,10.3
비봉면,주점,20254,88.9,D,12,28,42.9
비봉면,중고 상품 소매,20254,97.3,A,3,23,13.0
비봉면,중식,20254,91.8,D,3,29,10.3
비봉면,철물·건설자재 소매,20254,97.5,A,25,28,89.3
비봉면,청소·방제,20254,94.5,C,13,28,46.4
비봉면,컴퓨터 수리,20254,97.3,A,2,22,9.1
비봉면,한식,20254,91.7,D,6,29,20.7
새솔동,가전·통신 소매,20254,85.0,D,25,29,86.2
새솔동,가정용품 대여,20254,92.7,C,26,26,100.0
새솔동,광고,20254,96.3,B,22,28,78.6
새솔동,교육 지원,20254,94.8,C,22,28,78.6
새솔동,구내식당·뷔페,20254,84.5,D,19,27,70.4
새솔동,기술 서비스,20254,96.9,A,23,28,82.1
새솔동,기타 가정용품 수리,20254,94.3,C,25,28,89.3
새솔동,기타 간이,20254,86.7,D,22,29,75.9
새솔동,기타 개인,20254,93.9,C,11,11,100.0
새솔동,기타 교육,20254,92.5,D,26,29,89.7
새솔동,기타 보건,20254,94.3,C,16,19,84.2
새솔동,기타 상품 소매,20254,93.3,C,28,29,96.6
새솔동,기타 생활용품 소매,20254,97.0,A,18,28,64.3
새솔동,담배 소매,20254,93.7,C,17,17,100.0
새솔동,도서관·사적지,20254,95.1,C,17,23,73.9
새솔동,동남아시아,20254,80.4,D,21,22,95.5
새솔동,법무관련 ,20254,93.7,C,21,21,100.0
새솔동,병원,20254,93.5,C,20,22,90.9
새솔동,본사·경영 컨설팅,20254,95.9,B,14,29,48.3
새솔동,부동산 서비스,20254,90.0,D,29,29,100.0
새솔동,비알코올 ,20254,86.4,D,25,29,86.2
새솔동,사진 촬영,20254,93.9,C,25,27,92.6
새솔동,산업용품 대여,20254,96.4,B,25,25,100.0
새솔동,서양식,20254,82.5,D,25,29,86.2
새솔동,섬유·의복·신발 소매,20254,86.5,D,29,29,100.0
새솔동,세탁,20254,92.7,C,26,28,92.9
새솔동,수의,20254,94.3,C,16,19,84.2
새솔동,스포츠 서비스,20254,82.5,D,27,29,93.1
새솔동,시계·귀금속 소매,20254,92.9,C,19,19,100.0
새솔동,시설관리,20254,93.3,C,26,26,100.0
새솔동,식료품 소매,20254,78.3,D,29,29,100.0
새솔동,식물 소매,20254,90.9,D,27,28,96.4
새솔동,안경·정밀기기 소매,20254,93.0,C,24,25,96.0
새솔동,애완동물·용품 소매,20254,95.1,C,20,29,69.0
새솔동,여행사·보조,20254,95.1,C,18,21,85.7
새솔동,오락용품 소매,20254,94.8,C,24,29,82.8
새솔동,욕탕·신체관리,20254,78.4,D,25,26,96.2
새솔동,유원지·오락,20254,78.7,D,27,29,93.1
새솔동,음료 소매,20254,93.9,C,17,18,94.4
새솔동,의약·화장품 소매,20254,84.4,D,28,29,96.6
새솔동,의원,20254,98.0,A,18,26,69.2
새솔동,이용·미용,20254,93.2,C,25,29,86.2
새솔동,인쇄·제품제작,20254,96.1,B,22,27,81.5
새솔동,일반 교육,20254,94.6,C,22,28,78.6
새솔동,일식,20254,80.3,D,24,26,92.3
새솔동,자동차 수리·세차,20254,97.0,A,7,28,25.0
새솔동,장례식장 ,20254,93.0,C,17,17,100.0
새솔동,전문 디자인,20254,93.9,C,23,29,79.3
새솔동,조경·유지,20254,94.3,C,18,18,100.0
새솔동,종합 소매,20254,83.2,D,28,29,96.6
새솔동,주점,20254,77.5,D,28,28,100.0
새솔동,중식,20254,83.5,D,24,29,82.8
새솔동,철물·건설자재 소매,20254,97.6,A,23,28,82.1
새솔동,청소·방제,20254,85.7,D,28,28,100.0
새솔동,한식,20254,82.0,D,28,29,96.6
새솔동,회계·세무,20254,97.2,A,17,24,70.8
서신면,가전·통신 소매,20254,95.0,C,1,29,3.4
서신면,가전제품 수리,20254,97.1,A,5,27,18.5
서신면,가정용품 대여,20254,97.1,A,7,26,26.9
서신면,고용 알선,20254,93.9,C,1,26,3.8
서신면,광고,20254,97.7,A,3,28,10.7
서신면,교육 지원,20254,96.9,A,7,28,25.0
서신면,구내식당·뷔페,20254,88.4,D,2,27,7.4
서신면,기술 서비스,20254,98.8,A,1,28,3.6
서신면,기타 가정용품 수리,20254,98.3,A,1,28,3.6
서신면,기타 간이,20254,92.3,D,4,29,13.8
서신면,기타 교육,20254,96.6,B,2,29,6.9
서신면,기타 사업 서비스,20254,98.3,A,1,26,3.8
서신면,기타 상품 소매,20254,97.4,A,2,29,6.9
서신면,기타 생활용품 소매,20254,98.5,A,1,28,3.6
서신면,기타 전문 과학,20254,98.3,A,1,19,5.3
서신면,담배 소매,20254,98.3,A,1,17,5.9
서신면,모터사이클 소매,20254,98.3,A,1,14,7.1
서신면,모터사이클 수리,20254,98.3,A,1,17,5.9
서신면,법무관련 ,20254,97.1,A,1,21,4.8
서신면,병원,20254,98.3,A,1,22,4.5
서신면,본사·경영 컨설팅,20254,97.4,A,2,29,6.9
서신면,부동산 서비스,20254,96.2,B,1,29,3.4
서신면,비알코올 ,20254,92.1,D,4,29,13.8
서신면,사진 촬영,20254,97.3,A,3,27,11.1
서신면,산업용품 대여,20254,98.6,A,1,25,4.0
서신면,서양식,20254,92.5,D,2,29,6.9
서신면,섬유·의복·신발 소매,20254,96.0,B,2,29,6.9
서신면,세탁,20254,96.7,A,1,28,3.6
서신면,스포츠 서비스,20254,95.5,B,1,29,3.4
서신면,시설관리,20254,98.3,A,1,26,3.8
서신면,식료품 소매,20254,95.0,C,4,29,13.8
서신면,식물 소매,20254,96.9,A,1,28,3.6
서신면,애완동물·용품 소매,20254,98.3,A,1,29,3.4
서신면,여행사·보조,20254,97.6,A,2,21,9.5
서신면,연료 소매,20254,96.6,B,1,24,4.2
서신면,오락용품 소매,20254,97.3,A,1,29,3.4
서신면,운송장비 대여,20254,97.2,A,6,23,26.1
서신면,유원지·오락,20254,92.4,D,1,29,3.4
서신면,의약·화장품 소매,20254,96.9,A,1,29,3.4
서신면,의원,20254,98.9,A,1,26,3.8
서신면,이용·미용,20254,97.6,A,2,29,6.9
서신면,인쇄·제품제작,20254,98.5,A,1,27,3.7
서신면,일반 교육,20254,98.5,A,1,28,3.6
서신면,일반 숙박,20254,96.9,A,6,22,27.3
서신면,일식,20254,92.4,D,4,26,15.4
서신면,자동차 부품 소매,20254,98.5,A,1,24,4.2
서신면,자동차 수리·세차,20254,97.5,A,2,28,7.1
서신면,장식품 소매,20254,97.4,A,4,24,16.7
서신면,전문 디자인,20254,97.6,A,1,29,3.4
서신면,종합 소매,20254,93.2,C,4,29,13.8
서신면,주점,20254,91.0,D,1,28,3.6
서신면,중고 상품 소매,20254,98.3,A,1,23,4.3
서신면,중식,20254,93.8,C,1,29,3.4
서신면,철물·건설자재 소매,20254,98.9,A,2,28,7.1
서신면,청소·방제,20254,97.7,A,1,28,3.6
서신면,한식,20254,92.5,D,4,29,13.8
송산면,가구 소매,20254,96.5,B,6,24,25.0
송산면,가전·통신 소매,20254,92.6,C,8,29,27.6
송산면,가전제품 수리,20254,96.2,B,12,27,44.4
송산면,가정용품 대여,20254,97.6,A,1,26,3.8
송산면,고용 알선,20254,90.3,D,13,26,50.0
송산면,광고,20254,96.8,A,11,28,39.3
송산면,교육 지원,20254,97.6,A,2,28,7.1
송산면,구내식당·뷔페,20254,84.9,D,14,27,51.9
송산면,기술 서비스,20254,98.5,A,5,28,17.9
송산면,기타 가정용품 수리,20254,96.2,B,11,28,39.3
송산면,기타 간이,20254,91.0,D,9,29,31.0
송산면,기타 교육,20254,95.9,B,8,29,27.6
송산면,기타 사업 서비스,20254,97.6,A,4,26,15.4
송산면,기타 상품 소매,20254,97.5,A,1,29,3.4
송산면,기타 생활용품 소매,20254,97.2,A,12,28,42.9
송산면,기타 숙박,20254,96.0,B,7,12,58.3
송산면,기타 전문 과학,20254,97.6,A,3,19,15.8
송산면,도서관·사적지,20254,96.2,B,7,23,30.4
송산면,동남아시아,20254,92.9,C,8,22,36.4
송산면,모터사이클 수리,20254,97.6,A,2,17,11.8
송산면,법무관련 ,20254,96.2,B,12,21,57.1
송산면,본사·경영 컨설팅,20254,95.8,B,17,29,58.6
송산면,부동산 서비스,20254,94.0,C,16,29,55.2
송산면,비알코올 ,20254,89.3,D,19,29,65.5
송산면,사무 지원,20254,97.6,A,1,17,5.9
송산면,사진 촬영,20254,96.2,B,12,27,44.4
송산면,산업용품 대여,20254,98.0,A,6,25,24.0
송산면,서양식,20254,90.7,D,9,29,31.0
송산면,섬유·의복·신발 소매,20254,94.7,C,10,29,34.5
송산면,세탁,20254,94.9,C,17,28,60.7
송산면,수의,20254,96.4,B,5,19,26.3
송산면,스포츠 서비스,20254,94.0,C,9,29,31.0
송산면,시계·귀금속 소매,20254,96.2,B,9,19,47.4
송산면,시설관리,20254,97.6,A,2,26,7.7
송산면,식료품 소매,20254,92.6,C,12,29,41.4
송산면,식물 소매,20254,95.0,C,15,28,53.6
송산면,안경·정밀기기 소매,20254,96.2,B,10,25,40.0
송산면,애완동물·용품 소매,20254,97.6,A,3,29,10.3
송산면,여행사·보조,20254,96.2,B,10,21,47.6
송산면,연료 소매,20254,94.3,C,15,24,62.5
송산면,오락용품 소매,20254,96.1,B,9,29,31.0
송산면,욕탕·신체관리,20254,87.0,D,9,26,34.6
송산면,운송장비 대여,20254,97.6,A,3,23,13.0
송산면,유원지·오락,20254,90.5,D,8,29,27.6
송산면,의약·화장품 소매,20254,94.2,C,9,29,31.0
송산면,의원,20254,98.6,A,4,26,15.4
송산면,이용·미용,20254,97.6,A,2,29,6.9
송산면,인쇄·제품제작,20254,96.2,B,19,27,70.4
송산면,일반 교육,20254,97.7,A,5,28,17.9
송산면,일반 숙박,20254,95.4,C,14,22,63.6
송산면,일식,20254,90.6,D,12,26,46.2
송산면,자동차 부품 소매,20254,97.5,A,10,24,41.7
송산면,자동차 수리·세차,20254,97.1,A,4,28,14.3
송산면,장례식장 ,20254,96.9,A,2,17,11.8
송산면,장식품 소매,20254,97.6,A,2,24,8.3
송산면,전문 디자인,20254,94.7,C,16,29,55.2
송산면,종합 소매,20254,92.2,D,12,29,41.4
송산면,주점,20254,89.7,D,7,28,25.0
송산면,중고 상품 소매,20254,96.0,B,15,23,65.2
송산면,중식,20254,90.9,D,9,29,31.0
송산면,철물·건설자재 소매,20254,98.1,A,11,28,39.3
송산면,청소·방제,20254,95.0,C,8,28,28.6
송산면,컴퓨터 수리,20254,96.2,B,8,22,36.4
송산면,한식,20254,91.3,D,9,29,31.0
송산면,회계·세무,20254,97.6,A,9,24,37.5
양감면,가구 소매,20254,97.1,A,1,24,4.2
양감면,가전·통신 소매,20254,94.3,C,2,29,6.9
양감면,가전제품 수리,20254,97.9,A,1,27,3.7
양감면,고용 알선,20254,90.3,D,13,26,50.0
양감면,광고,20254,98.1,A,1,28,3.6
양감면,교육 지원,20254,97.9,A,1,28,3.6
양감면,구내식당·뷔페,20254,85.9,D,11,27,40.7
양감면,기술 서비스,20254,98.4,A,7,28,25.0
양감면,기타 가정용품 수리,20254,97.9,A,2,28,7.1
양감면,기타 간이,20254,92.9,C,1,29,3.4
양감면,기타 교육,20254,96.6,B,2,29,6.9
양감면,기타 사업 서비스,20254,97.9,A,2,26,7.7
양감면,기타 상품 소매,20254,96.6,B,5,29,17.2
양감면,기타 생활용품 소매,20254,97.7,A,3,28,10.7
양감면,동남아시아,20254,93.3,C,5,22,22.7
양감면,법무관련 ,20254,96.8,A,3,21,14.3
양감면,병원,20254,97.9,A,2,22,9.1
양감면,본사·경영 컨설팅,20254,97.8,A,1,29,3.4
양감면,부동산 서비스,20254,95.8,B,4,29,13.8
양감면,비알코올 ,20254,93.8,C,1,29,3.4
양감면,산업용품 대여,20254,98.4,A,2,25,8.0
양감면,서양식,20254,91.2,D,6,29,20.7
양감면,섬유·의복·신발 소매,20254,96.8,A,1,29,3.4
양감면,세탁,20254,96.3,B,5,28,17.9
양감면,스포츠 서비스,20254,95.2,C,3,29,10.3
양감면,시설관리,20254,96.8,A,6,26,23.1
양감면,식료품 소매,20254,95.4,C,1,29,3.4
양감면,애완동물·용품 소매,20254,97.9,A,2,29,6.9
양감면,여행사·보조,20254,97.9,A,1,21,4.8
양감면,연료 소매,20254,96.0,B,5,24,20.8
양감면,오락용품 소매,20254,97.2,A,2,29,6.9
양감면,욕탕·신체관리,20254,87.6,D,6,26,23.1
양감면,운송장비 대여,20254,97.9,A,1,23,4.3
양감면,유원지·오락,20254,91.1,D,4,29,13.8
양감면,의약·화장품 소매,20254,95.4,C,3,29,10.3
양감면,이용·미용,20254,97.5,A,4,29,13.8
양감면,인쇄·제품제작,20254,97.3,A,5,27,18.5
양감면,일반 숙박,20254,96.8,A,7,22,31.8
양감면,일식,20254,91.3,D,9,26,34.6
양감면,자동차 부품 소매,20254,97.7,A,6,24,25.0
양감면,자동차 수리·세차,20254,96.8,A,8,28,28.6
양감면,장례식장 ,20254,97.9,A,1,17,5.9
양감면,장식품 소매,20254,97.9,A,1,24,4.2
양감면,전문 디자인,20254,97.0,A,3,29,10.3
양감면,종합 소매,20254,94.0,C,2,29,6.9
양감면,중고 상품 소매,20254,97.9,A,2,23,8.7
양감면,중식,20254,90.5,D,12,29,41.4
양감면,철물·건설자재 소매,20254,98.4,A,6,28,21.4
양감면,청소·방제,20254,96.1,B,2,28,7.1
양감면,컴퓨터 수리,20254,97.9,A,1,22,4.5
양감면,통신장비 수리,20254,97.9,A,1,14,7.1
양감면,한식,20254,90.9,D,13,29,44.8
양감면,회계·세무,20254,98.3,A,1,24,4.2
우정읍,가구 소매,20254,96.8,A,4,24,16.7
우정읍,가전·통신 소매,20254,93.4,C,5,29,17.2
우정읍,가전제품 수리,20254,96.8,A,6,27,22.2
우정읍,가정용품 대여,20254,97.5,A,2,26,7.7
우정읍,고용 알선,20254,89.7,D,19,26,73.1
우정읍,광고,20254,97.3,A,4,28,14.3
우정읍,교육 지원,20254,97.5,A,3,28,10.7
우정읍,구내식당·뷔페,20254,84.4,D,20,27,74.1
우정읍,기술 서비스,20254,98.5,A,5,28,17.9
우정읍,기타 가정용품 수리,20254,97.5,A,3,28,10.7
우정읍,기타 간이,20254,91.6,D,7,29,24.1
우정읍,기타 개인,20254,96.8,A,4,11,36.4
우정읍,기타 교육,20254,96.8,A,1,29,3.4
우정읍,기타 사업 서비스,20254,96.5,B,12,26,46.2
우정읍,기타 상품 소매,20254,96.9,A,3,29,10.3
우정읍,기타 생활용품 소매,20254,96.9,A,24,28,85.7
우정읍,기타 숙박,20254,97.5,A,1,12,8.3
우정읍,기타 전문 과학,20254,96.9,A,5,19,26.3
우정읍,담배 소매,20254,96.9,A,3,17,17.6
우정읍,도서관·사적지,20254,96.4,B,5,23,21.7
우정읍,동남아시아,20254,93.5,C,3,22,13.6
우정읍,모터사이클 수리,20254,97.5,A,3,17,17.6
우정읍,법무관련 ,20254,96.9,A,2,21,9.5
우정읍,병원,20254,96.4,B,10,22,45.5
우정읍,본사·경영 컨설팅,20254,96.2,B,8,29,27.6
우정읍,부동산 서비스,20254,95.5,B,7,29,24.1
우정읍,비알코올 ,20254,90.7,D,10,29,34.5
우정읍,사무 지원,20254,97.5,A,2,17,11.8
우정읍,사진 촬영,20254,96.6,B,8,27,29.6
우정읍,산업용품 대여,20254,97.7,A,10,25,40.0
우정읍,서양식,20254,90.7,D,9,29,31.0
우정읍,섬유·의복·신발 소매,20254,95.0,C,9,29,31.0
우정읍,세탁,20254,95.8,B,7,28,25.0
우정읍,수의,20254,96.7,A,2,19,10.5
우정읍,스포츠 서비스,20254,94.8,C,5,29,17.2
우정읍,시계·귀금속 소매,20254,96.9,A,1,19,5.3
우정읍,시설관리,20254,96.7,A,8,26,30.8
우정읍,식료품 소매,20254,95.1,C,3,29,10.3
우정읍,식물 소매,20254,96.3,B,3,28,10.7
우정읍,안경·정밀기기 소매,20254,96.9,A,4,25,16.0
우정읍,애완동물·용품 소매,20254,96.4,B,8,29,27.6
우정읍,여행사·보조,20254,96.9,A,4,21,19.0
우정읍,연료 소매,20254,96.0,B,5,24,20.8
우정읍,오락용품 소매,20254,96.4,B,7,29,24.1
우정읍,욕탕·신체관리,20254,86.8,D,13,26,50.0
우정읍,운송장비 대여,20254,96.9,A,7,23,30.4
우정읍,유원지·오락,20254,90.6,D,7,29,24.1
우정읍,음료 소매,20254,97.5,A,1,18,5.6
우정읍,의약·화장품 소매,20254,95.4,C,3,29,10.3
우정읍,의원,20254,98.8,A,3,26,11.5
우정읍,이용·미용,20254,97.3,A,5,29,17.2
우정읍,인쇄·제품제작,20254,97.3,A,5,27,18.5
우정읍,일반 교육,20254,97.3,A,8,28,28.6
우정읍,일반 숙박,20254,97.4,A,2,22,9.1
우정읍,일식,20254,92.1,D,5,26,19.2
우정읍,자동차 부품 소매,20254,97.6,A,9,24,37.5
우정읍,자동차 수리·세차,20254,97.5,A,2,28,7.1
우정읍,장례식장 ,20254,96.4,B,7,17,41.2
우정읍,장식품 소매,20254,97.0,A,8,24,33.3
우정읍,전문 디자인,20254,96.9,A,4,29,13.8
우정읍,종합 소매,20254,92.7,C,5,29,17.2
우정읍,주점,20254,90.2,D,4,28,14.3
우정읍,중고 상품 소매,20254,96.9,A,5,23,21.7
우정읍,중식,20254,91.6,D,4,29,13.8
우정읍,철물·건설자재 소매,20254,98.3,A,7,28,25.0
우정읍,청소·방제,20254,96.0,B,3,28,10.7
우정읍,한식,20254,91.3,D,9,29,31.0
우정읍,회계·세무,20254,97.6,A,9,24,37.5
장안면,가구 소매,20254,96.5,B,6,24,25.0
장안면,가전·통신 소매,20254,85.2,D,24,29,82.8
장안면,가전제품 수리,20254,94.3,C,26,27,96.3
장안면,가정용품 대여,20254,95.7,B,15,26,57.7
장안면,고용 알선,20254,84.9,D,24,26,92.3
장안면,광고,20254,97.9,A,2,28,7.1
장안면,구내식당·뷔페,20254,82.7,D,25,27,92.6
장안면,기술 서비스,20254,98.8,A,1,28,3.6
장안면,기타 가정용품 수리,20254,95.3,C,17,28,60.7
장안면,기타 간이,20254,84.9,D,26,29,89.7
장안면,기타 교육,20254,96.6,B,2,29,6.9
장안면,기타 보건,20254,94.6,C,15,19,78.9
장안면,기타 사업 서비스,20254,96.9,A,9,26,34.6
장안면,기타 상품 소매,20254,96.0,B,13,29,44.8
장안면,기타 생활용품 소매,20254,97.3,A,8,28,28.6
장안면,도서관·사적지,20254,95.0,C,18,23,78.3
장안면,동남아시아,20254,85.2,D,18,22,81.8
장안면,본사·경영 컨설팅,20254,95.8,B,17,29,58.6
장안면,부동산 서비스,20254,95.9,B,2,29,6.9
장안면,비알코올 ,20254,88.2,D,21,29,72.4
장안면,사무 지원,20254,96.9,A,5,17,29.4
장안면,사진 촬영,20254,96.9,A,5,27,18.5
장안면,산업용품 대여,20254,98.2,A,3,25,12.0
장안면,서양식,20254,84.2,D,23,29,79.3
장안면,섬유·의복·신발 소매,20254,92.9,C,14,29,48.3
장안면,스포츠 서비스,20254,86.6,D,24,29,82.8
장안면,시설관리,20254,96.9,A,5,26,19.2
장안면,식료품 소매,20254,83.9,D,26,29,89.7
장안면,식물 소매,20254,96.3,B,3,28,10.7
장안면,애완동물·용품 소매,20254,94.8,C,23,29,79.3
장안면,여행사·보조,20254,94.8,C,20,21,95.2
장안면,연료 소매,20254,95.1,C,11,24,45.8
장안면,오락용품 소매,20254,96.8,A,4,29,13.8
장안면,욕탕·신체관리,20254,80.2,D,23,26,88.5
장안면,운송장비 대여,20254,95.0,C,19,23,82.6
장안면,유원지·오락,20254,81.9,D,24,29,82.8
장안면,음료 소매,20254,96.9,A,6,18,33.3
장안면,의약·화장품 소매,20254,88.3,D,25,29,86.2
장안면,이용·미용,20254,97.1,A,8,29,27.6
장안면,인쇄·제품제작,20254,96.6,B,12,27,44.4
장안면,일반 교육,20254,98.3,A,2,28,7.1
장안면,일반 숙박,20254,97.6,A,1,22,4.5
장안면,자동차 부품 소매,20254,98.1,A,3,24,12.5
장안면,자동차 수리·세차,20254,96.3,B,17,28,60.7
장안면,장례식장 ,20254,95.7,B,14,17,82.4
장안면,전문 디자인,20254,96.7,A,6,29,20.7
장안면,조경·유지,20254,96.9,A,5,18,27.8
장안면,종합 소매,20254,92.3,D,10,29,34.5
장안면,주점,20254,80.9,D,25,28,89.3
장안면,중고 상품 소매,20254,96.9,A,5,23,21.7
장안면,중식,20254,82.9,D,25,29,86.2
장안면,철물·건설자재 소매,20254,98.3,A,7,28,25.0
장안면,청소·방제,20254,90.6,D,23,28,82.1
장안면,통신장비 수리,20254,95.3,C,9,14,64.3
장안면,한식,20254,92.0,D,5,29,17.2
장안면,회계·세무,20254,97.9,A,5,24,20.8
정남면,가구 소매,20254,96.8,A,4,24,16.7
정남면,가전·통신 소매,20254,92.9,C,6,29,20.7
정남면,가전제품 수리,20254,96.2,B,12,27,44.4
정남면,가정용품 대여,20254,97.5,A,2,26,7.7
정남면,고용 알선,20254,91.8,D,2,26,7.7
정남면,광고,20254,96.7,A,13,28,46.4
정남면,교육 지원,20254,96.4,B,10,28,35.7
정남면,구내식당·뷔페,20254,83.3,D,23,27,85.2
정남면,기술 서비스,20254,98.3,A,9,28,32.1
정남면,기타 가정용품 수리,20254,96.3,B,8,28,28.6
정남면,기타 간이,20254,91.8,D,6,29,20.7
정남면,기타 개인,20254,97.5,A,1,11,9.1
정남면,기타 교육,20254,96.1,B,6,29,20.7
정남면,기타 보건,20254,97.5,A,2,19,10.5
정남면,기타 사업 서비스,20254,96.4,B,14,26,53.8
정남면,기타 상품 소매,20254,96.2,B,9,29,31.0
정남면,기타 생활용품 소매,20254,97.5,A,5,28,17.9
정남면,기타 전문 과학,20254,96.4,B,9,19,47.4
정남면,동남아시아,20254,93.3,C,5,22,22.7
정남면,모터사이클 수리,20254,96.2,B,11,17,64.7
정남면,법무관련 ,20254,96.5,B,8,21,38.1
정남면,병원,20254,96.4,B,10,22,45.5
정남면,본사·경영 컨설팅,20254,96.4,B,7,29,24.1
정남면,부동산 서비스,20254,94.2,C,14,29,48.3
정남면,비알코올 ,20254,91.3,D,8,29,27.6
정남면,사무 지원,20254,96.2,B,10,17,58.8
정남면,사진 촬영,20254,97.5,A,2,27,7.4
정남면,산업용품 대여,20254,97.1,A,16,25,64.0
정남면,서양식,20254,91.3,D,4,29,13.8
정남면,섬유·의복·신발 소매,20254,95.3,C,6,29,20.7
정남면,세탁,20254,95.8,B,7,28,25.0
정남면,수의,20254,96.3,B,6,19,31.6
정남면,스포츠 서비스,20254,94.3,C,6,29,20.7
정남면,시계·귀금속 소매,20254,96.4,B,6,19,31.6
정남면,시설관리,20254,96.2,B,15,26,57.7
정남면,식료품 소매,20254,94.0,C,8,29,27.6
정남면,식물 소매,20254,95.8,B,10,28,35.7
정남면,안경·정밀기기 소매,20254,96.4,B,8,25,32.0
정남면,애완동물·용품 소매,20254,96.4,B,8,29,27.6
정남면,여행사·보조,20254,97.5,A,3,21,14.3
정남면,연료 소매,20254,94.9,C,12,24,50.0
정남면,오락용품 소매,20254,96.7,A,5,29,17.2
정남면,욕탕·신체관리,20254,86.9,D,11,26,42.3
정남면,운송장비 대여,20254,97.5,A,4,23,17.4
정남면,유원지·오락,20254,90.2,D,10,29,34.5
정남면,음료 소매,20254,97.5,A,1,18,5.6
정남면,의약·화장품 소매,20254,94.7,C,6,29,20.7
정남면,의원,20254,98.4,A,9,26,34.6
정남면,이용·미용,20254,97.3,A,5,29,17.2
정남면,인쇄·제품제작,20254,96.4,B,17,27,63.0
정남면,일반 교육,20254,97.5,A,6,28,21.4
정남면,일반 숙박,20254,96.0,B,11,22,50.0
정남면,일식,20254,91.4,D,8,26,30.8
정남면,자동차 부품 소매,20254,97.1,A,19,24,79.2
정남면,자동차 수리·세차,20254,95.9,B,22,28,78.6
정남면,장례식장 ,20254,96.4,B,7,17,41.2
정남면,장식품 소매,20254,96.4,B,13,24,54.2
정남면,전문 디자인,20254,95.4,C,11,29,37.9
정남면,조경·유지,20254,97.5,A,1,18,5.6
정남면,종합 소매,20254,92.0,D,13,29,44.8
정남면,주점,20254,90.5,D,3,28,10.7
정남면,중고 상품 소매,20254,96.4,B,11,23,47.8
정남면,중식,20254,91.6,D,4,29,13.8
정남면,철물·건설자재 소매,20254,97.8,A,19,28,67.9
정남면,청소·방제,20254,95.3,C,6,28,21.4
정남면,컴퓨터 수리,20254,96.2,B,8,22,36.4
정남면,통신장비 수리,20254,97.5,A,2,14,14.3
정남면,한식,20254,91.6,D,7,29,24.1
정남면,회계·세무,20254,97.5,A,12,24,50.0
진안동,가구 소매,20254,96.2,B,10,24,41.7
진안동,가전·통신 소매,20254,92.3,D,11,29,37.9
진안동,가전제품 수리,20254,96.7,A,7,27,25.9
진안동,가정용품 대여,20254,96.4,B,11,26,42.3
진안동,고용 알선,20254,91.6,D,4,26,15.4
진안동,광고,20254,97.2,A,6,28,21.4
진안동,교육 지원,20254,96.4,B,10,28,35.7
진안동,구내식당·뷔페,20254,89.8,D,1,27,3.7
진안동,기술 서비스,20254,98.0,A,12,28,42.9
진안동,기타 가정용품 수리,20254,96.4,B,7,28,25.0
진안동,기타 간이,20254,89.6,D,15,29,51.7
진안동,기타 교육,20254,95.3,C,14,29,48.3
진안동,기타 사업 서비스,20254,96.4,B,14,26,53.8
진안동,기타 상품 소매,20254,96.7,A,4,29,13.8
진안동,기타 생활용품 소매,20254,97.6,A,4,28,14.3
진안동,기타 숙박,20254,96.8,A,3,12,25.0
진안동,담배 소매,20254,96.5,B,5,17,29.4
진안동,도서관·사적지,20254,96.7,A,2,23,8.7
진안동,동남아시아,20254,94.1,C,2,22,9.1
진안동,모터사이클 소매,20254,97.6,A,2,14,14.3
진안동,모터사이클 수리,20254,96.7,A,5,17,29.4
진안동,법무관련 ,20254,96.8,A,3,21,14.3
진안동,병원,20254,96.8,A,4,22,18.2
진안동,본사·경영 컨설팅,20254,96.9,A,4,29,13.8
진안동,부동산 서비스,20254,95.8,B,4,29,13.8
진안동,비알코올 ,20254,89.6,D,17,29,58.6
진안동,사무 지원,20254,96.8,A,6,17,35.3
진안동,사진 촬영,20254,96.8,A,6,27,22.2
진안동,산업용품 대여,20254,97.4,A,13,25,52.0
진안동,서양식,20254,90.7,D,9,29,31.0
진안동,섬유·의복·신발 소매,20254,95.5,B,3,29,10.3
진안동,세탁,20254,96.6,B,2,28,7.1
진안동,수의,20254,96.8,A,1,19,5.3
진안동,스포츠 서비스,20254,92.6,C,13,29,44.8
진안동,시계·귀금속 소매,20254,96.8,A,2,19,10.5
진안동,시설관리,20254,96.8,A,6,26,23.1
진안동,식료품 소매,20254,94.5,C,5,29,17.2
진안동,식물 소매,20254,95.9,B,8,28,28.6
진안동,안경·정밀기기 소매,20254,96.7,A,5,25,20.0
진안동,애완동물·용품 소매,20254,96.6,B,6,29,20.7
진안동,여행사·보조,20254,96.4,B,9,21,42.9
진안동,연료 소매,20254,96.1,B,2,24,8.3
진안동,오락용품 소매,20254,96.3,B,8,29,27.6
진안동,욕탕·신체관리,20254,87.7,D,5,26,19.2
진안동,운송장비 대여,20254,96.8,A,8,23,34.8
진안동,유원지·오락,20254,88.2,D,18,29,62.1
진안동,음료 소매,20254,96.5,B,9,18,50.0
진안동,의약·화장품 소매,20254,94.3,C,8,29,27.6
진안동,의원,20254,98.3,A,11,26,42.3
진안동,이용·미용,20254,95.8,B,13,29,44.8
진안동,인쇄·제품제작,20254,96.7,A,11,27,40.7
진안동,일반 교육,20254,95.7,B,16,28,57.1
진안동,일반 숙박,20254,96.5,B,9,22,40.9
진안동,일식,20254,91.5,D,7,26,26.9
진안동,자동차 부품 소매,20254,97.3,A,13,24,54.2
진안동,자동차 수리·세차,20254,96.0,B,20,28,71.4
진안동,장례식장 ,20254,96.7,A,3,17,17.6
진안동,장식품 소매,20254,96.8,A,9,24,37.5
진안동,전문 디자인,20254,96.2,B,8,29,27.6
진안동,종합 소매,20254,92.4,D,6,29,20.7
진안동,주점,20254,88.5,D,16,28,57.1
진안동,중고 상품 소매,20254,96.8,A,7,23,30.4
진안동,중식,20254,91.6,D,4,29,13.8
진안동,철물·건설자재 소매,20254,98.2,A,9,28,32.1
진안동,청소·방제,20254,94.9,C,10,28,35.7
진안동,컴퓨터 수리,20254,96.7,A,5,22,22.7
진안동,한식,20254,90.9,D,13,29,44.8
진안동,회계·세무,20254,98.1,A,3,24,12.5
팔탄면,가구 소매,20254,97.1,A,1,24,4.2
팔탄면,가전·통신 소매,20254,92.6,C,8,29,27.6
팔탄면,가전제품 수리,20254,96.5,B,10,27,37.0
팔탄면,가정용품 대여,20254,96.5,B,10,26,38.5
팔탄면,고용 알선,20254,91.1,D,9,26,34.6
팔탄면,광고,20254,97.2,A,6,28,21.4
팔탄면,교육 지원,20254,96.8,A,8,28,28.6
팔탄면,구내식당·뷔페,20254,83.6,D,22,27,81.5
팔탄면,기술 서비스,20254,98.0,A,12,28,42.9
팔탄면,기타 가정용품 수리,20254,96.9,A,5,28,17.9
팔탄면,기타 간이,20254,90.2,D,11,29,37.9
팔탄면,기타 교육,20254,96.4,B,5,29,17.2
팔탄면,기타 보건,20254,97.7,A,1,19,5.3
팔탄면,기타 사업 서비스,20254,97.7,A,3,26,11.5
팔탄면,기타 상품 소매,20254,96.6,B,5,29,17.2
팔탄면,기타 생활용품 소매,20254,97.5,A,5,28,17.9
팔탄면,기타 전문 과학,20254,97.7,A,2,19,10.5
팔탄면,담배 소매,20254,96.9,A,3,17,17.6
팔탄면,동남아시아,20254,93.2,C,7,22,31.8
팔탄면,모터사이클 수리,20254,96.7,A,5,17,29.4
팔탄면,법무관련 ,20254,96.6,B,6,21,28.6
팔탄면,병원,20254,97.7,A,3,22,13.6
팔탄면,본사·경영 컨설팅,20254,97.1,A,3,29,10.3
팔탄면,부동산 서비스,20254,95.9,B,2,29,6.9
팔탄면,비알코올 ,20254,90.1,D,15,29,51.7
팔탄면,사무 지원,20254,96.7,A,7,17,41.2
팔탄면,사진 촬영,20254,97.7,A,1,27,3.7
팔탄면,산업용품 대여,20254,96.7,A,22,25,88.0
팔탄면,서양식,20254,90.6,D,12,29,41.4
팔탄면,섬유·의복·신발 소매,20254,95.4,C,5,29,17.2
팔탄면,세탁,20254,96.5,B,4,28,14.3
팔탄면,수의,20254,96.5,B,4,19,21.1
팔탄면,스포츠 서비스,20254,94.1,C,8,29,27.6
팔탄면,시설관리,20254,96.5,B,10,26,38.5
팔탄면,시장 조사,20254,97.7,A,1,4,25.0
팔탄면,식료품 소매,20254,93.9,C,9,29,31.0
팔탄면,식물 소매,20254,96.4,B,2,28,7.1
팔탄면,안경·정밀기기 소매,20254,97.7,A,1,25,4.0
팔탄면,애완동물·용품 소매,20254,96.8,A,4,29,13.8
팔탄면,여행사·보조,20254,96.9,A,4,21,19.0
팔탄면,연료 소매,20254,96.1,B,2,24,8.3
팔탄면,오락용품 소매,20254,97.1,A,3,29,10.3
팔탄면,욕탕·신체관리,20254,87.2,D,8,26,30.8
팔탄면,운송장비 대여,20254,97.7,A,2,23,8.7
팔탄면,유원지·오락,20254,89.7,D,13,29,44.8
팔탄면,음료 소매,20254,96.9,A,6,18,33.3
팔탄면,의약·화장품 소매,20254,95.2,C,5,29,17.2
팔탄면,의원,20254,98.9,A,1,26,3.8
팔탄면,이용·미용,20254,96.8,A,10,29,34.5
팔탄면,인쇄·제품제작,20254,97.1,A,7,27,25.9
팔탄면,일반 교육,20254,98.3,A,2,28,7.1
팔탄면,일반 숙박,20254,97.1,A,5,22,22.7
팔탄면,자동차 부품 소매,20254,97.0,A,20,24,83.3
팔탄면,자동차 수리·세차,20254,96.5,B,14,28,50.0
팔탄면,장례식장 ,20254,96.5,B,5,17,29.4
팔탄면,장식품 소매,20254,96.5,B,11,24,45.8
팔탄면,전문 디자인,20254,97.3,A,2,29,6.9
팔탄면,조경·유지,20254,96.5,B,7,18,38.9
팔탄면,종합 소매,20254,92.4,D,6,29,20.7
팔탄면,주점,20254,90.2,D,4,28,14.3
팔탄면,중고 상품 소매,20254,96.7,A,8,23,34.8
팔탄면,중식,20254,90.6,D,11,29,37.9
팔탄면,철물·건설자재 소매,20254,97.7,A,21,28,75.0
팔탄면,청소·방제,20254,95.9,B,4,28,14.3
팔탄면,컴퓨터 수리,20254,96.9,A,4,22,18.2
팔탄면,한식,20254,91.0,D,11,29,37.9
팔탄면,회계·세무,20254,98.3,A,1,24,4.2
향남읍,가구 소매,20254,97.0,A,3,24,12.5
향남읍,가전·통신 소매,20254,89.0,D,19,29,65.5
향남읍,가전제품 수리,20254,96.7,A,7,27,25.9
향남읍,가정용품 대여,20254,96.6,B,9,26,34.6
향남읍,고용 알선,20254,88.8,D,21,26,80.8
향남읍,광고,20254,96.8,A,11,28,39.3
향남읍,교육 지원,20254,96.6,B,9,28,32.1
향남읍,구내식당·뷔페,20254,84.2,D,21,27,77.8
향남읍,기술 서비스,20254,97.7,A,16,28,57.1
향남읍,기타 가정용품 수리,20254,96.3,B,8,28,28.6
향남읍,기타 간이,20254,88.4,D,19,29,65.5
향남읍,기타 개인,20254,96.6,B,5,11,45.5
향남읍,기타 교육,20254,93.7,C,19,29,65.5
향남읍,기타 보건,20254,96.6,B,4,19,21.1
향남읍,기타 사업 서비스,20254,96.7,A,11,26,42.3
향남읍,기타 상품 소매,20254,95.9,B,16,29,55.2
향남읍,기타 생활용품 소매,20254,97.2,A,12,28,42.9
향남읍,기타 숙박,20254,96.6,B,4,12,33.3
향남읍,기타 전문 과학,20254,96.6,B,7,19,36.8
향남읍,담배 소매,20254,96.3,B,6,17,35.3
향남읍,도서관·사적지,20254,96.4,B,5,23,21.7
향남읍,동남아시아,20254,91.8,D,11,22,50.0
향남읍,모터사이클 소매,20254,96.6,B,5,14,35.7
향남읍,모터사이클 수리,20254,96.4,B,9,17,52.9
향남읍,법무관련 ,20254,96.6,B,6,21,28.6
향남읍,병원,20254,96.7,A,7,22,31.8
향남읍,본사·경영 컨설팅,20254,95.4,C,19,29,65.5
향남읍,부동산 서비스,20254,94.4,C,11,29,37.9
향남읍,비알코올 ,20254,88.0,D,22,29,75.9
향남읍,사무 지원,20254,96.5,B,8,17,47.1
향남읍,사진 촬영,20254,96.3,B,10,27,37.0
향남읍,산업용품 대여,20254,98.1,A,5,25,20.0
향남읍,서양식,20254,87.2,D,20,29,69.0
향남읍,섬유·의복·신발 소매,20254,93.0,C,13,29,44.8
향남읍,세탁,20254,95.7,B,9,28,32.1
향남읍,수의,20254,96.6,B,3,19,15.8
향남읍,스포츠 서비스,20254,91.8,D,15,29,51.7
향남읍,시계·귀금속 소매,20254,96.6,B,4,19,21.1
향남읍,시설관리,20254,96.3,B,12,26,46.2
향남읍,식료품 소매,20254,90.5,D,15,29,51.7
향남읍,식물 소매,20254,96.2,B,5,28,17.9
향남읍,안경·정밀기기 소매,20254,96.5,B,6,25,24.0
향남읍,애완동물·용품 소매,20254,96.4,B,8,29,27.6
향남읍,여행사·보조,20254,96.6,B,6,21,28.6
향남읍,연료 소매,20254,96.0,B,5,24,20.8
향남읍,오락용품 소매,20254,95.6,B,19,29,65.5
향남읍,욕탕·신체관리,20254,84.3,D,19,26,73.1
향남읍,운송장비 대여,20254,96.8,A,8,23,34.8
향남읍,유원지·오락,20254,87.3,D,22,29,75.9
향남읍,음료 소매,20254,97.2,A,4,18,22.2
향남읍,의약·화장품 소매,20254,92.8,C,17,29,58.6
향남읍,의원,20254,98.2,A,13,26,50.0
향남읍,이용·미용,20254,95.3,C,19,29,65.5
향남읍,인쇄·제품제작,20254,96.6,B,12,27,44.4
향남읍,일반 교육,20254,95.4,C,18,28,64.3
향남읍,일반 숙박,20254,97.4,A,2,22,9.1
향남읍,일식,20254,90.3,D,16,26,61.5
향남읍,자동차 부품 소매,20254,97.7,A,6,24,25.0
향남읍,자동차 수리·세차,20254,96.3,B,17,28,60.7
향남읍,장례식장 ,20254,96.6,B,4,17,23.5
향남읍,장식품 소매,20254,96.4,B,13,24,54.2
향남읍,전문 디자인,20254,94.9,C,14,29,48.3
향남읍,조경·유지,20254,97.4,A,3,18,16.7
향남읍,종합 소매,20254,90.5,D,18,29,62.1
향남읍,주점,20254,87.9,D,20,28,71.4
향남읍,중고 상품 소매,20254,96.6,B,9,23,39.1
향남읍,중식,20254,87.6,D,20,29,69.0
향남읍,철물·건설자재 소매,20254,98.0,A,15,28,53.6
향남읍,청소·방제,20254,93.3,C,15,28,53.6
향남읍,컴퓨터 수리,20254,96.3,B,6,22,27.3
향남읍,통신장비 수리,20254,96.5,B,5,14,35.7
향남읍,한식,20254,90.4,D,15,29,51.7
향남읍,회계·세무,20254,97.8,A,8,24,33.3
화산동,가구 소매,20254,95.3,C,11,24,45.8
화산동,가전·통신 소매,20254,94.1,C,3,29,10.3
화산동,가전제품 수리,20254,96.3,B,11,27,40.7
화산동,가정용품 대여,20254,97.5,A,2,26,7.7
화산동,고용 알선,20254,91.6,D,4,26,15.4
화산동,광고,20254,96.6,B,14,28,50.0
화산동,교육 지원,20254,97.5,A,3,28,10.7
화산동,구내식당·뷔페,20254,86.8,D,5,27,18.5
화산동,기술 서비스,20254,97.5,A,19,28,67.9
화산동,기타 가정용품 수리,20254,96.3,B,8,28,28.6
화산동,기타 간이,20254,92.6,C,2,29,6.9
화산동,기타 교육,20254,95.8,B,10,29,34.5
화산동,기타 보건,20254,97.5,A,2,19,10.5
화산동,기타 사업 서비스,20254,97.5,A,5,26,19.2
화산동,기타 상품 소매,20254,96.3,B,8,29,27.6
화산동,기타 생활용품 소매,20254,97.3,A,8,28,28.6
화산동,기타 숙박,20254,97.5,A,1,12,8.3
화산동,기타 전문 과학,20254,96.1,B,12,19,63.2
화산동,담배 소매,20254,97.5,A,2,17,11.8
화산동,도서관·사적지,20254,95.8,B,10,23,43.5
화산동,동남아시아,20254,95.9,B,1,22,4.5
화산동,모터사이클 수리,20254,97.5,A,3,17,17.6
화산동,병원,20254,96.0,B,14,22,63.6
화산동,본사·경영 컨설팅,20254,96.5,B,6,29,20.7
화산동,부동산 서비스,20254,94.7,C,8,29,27.6
화산동,비알코올 ,20254,93.5,C,2,29,6.9
화산동,사무 지원,20254,97.5,A,2,17,11.8
화산동,사진 촬영,20254,96.3,B,10,27,37.0
화산동,산업용품 대여,20254,97.9,A,7,25,28.0
화산동,서양식,20254,92.7,C,1,29,3.4
화산동,섬유·의복·신발 소매,20254,95.2,C,8,29,27.6
화산동,세탁,20254,95.7,B,9,28,32.1
화산동,스포츠 서비스,20254,95.0,C,4,29,13.8
화산동,시계·귀금속 소매,20254,96.3,B,8,19,42.1
화산동,시설관리,20254,96.3,B,12,26,46.2
화산동,식료품 소매,20254,95.4,C,1,29,3.4
화산동,식물 소매,20254,95.4,C,12,28,42.9
화산동,안경·정밀기기 소매,20254,95.9,B,13,25,52.0
화산동,애완동물·용품 소매,20254,96.6,B,6,29,20.7
화산동,여행사·보조,20254,96.2,B,10,21,47.6
화산동,연료 소매,20254,95.8,B,8,24,33.3
화산동,오락용품 소매,20254,96.1,B,9,29,31.0
화산동,욕탕·신체관리,20254,88.1,D,3,26,11.5
화산동,운송장비 대여,20254,96.2,B,13,23,56.5
화산동,유원지·오락,20254,92.4,D,1,29,3.4
화산동,음료 소매,20254,97.5,A,1,18,5.6
화산동,의약·화장품 소매,20254,95.8,B,2,29,6.9
화산동,의원,20254,98.3,A,11,26,42.3
화산동,이용·미용,20254,95.7,B,16,29,55.2
화산동,인쇄·제품제작,20254,96.6,B,12,27,44.4
화산동,일반 교육,20254,97.2,A,9,28,32.1
화산동,일반 숙박,20254,95.0,C,18,22,81.8
화산동,일식,20254,95.4,C,1,26,3.8
화산동,자동차 부품 소매,20254,96.9,A,22,24,91.7
화산동,자동차 수리·세차,20254,95.7,B,24,28,85.7
화산동,장례식장 ,20254,96.0,B,12,17,70.6
화산동,장식품 소매,20254,97.5,A,3,24,12.5
화산동,전문 디자인,20254,95.7,B,9,29,31.0
화산동,조경·유지,20254,97.5,A,1,18,5.6
화산동,종합 소매,20254,92.4,D,6,29,20.7
화산동,주점,20254,91.0,D,1,28,3.6
화산동,중고 상품 소매,20254,96.3,B,12,23,52.2
화산동,중식,20254,92.6,C,2,29,6.9
화산동,철물·건설자재 소매,20254,97.6,A,23,28,82.1
화산동,청소·방제,20254,95.4,C,5,28,17.9
화산동,컴퓨터 수리,20254,95.9,B,11,22,50.0
화산동,통신장비 수리,20254,97.5,A,2,14,14.3
화산동,한식,20254,92.9,C,1,29,3.4
화산동,회계·세무,20254,97.2,A,17,24,70.8
